Reference AGB,RF-predicted AGB
168,175.6907
123,128.5948333
80,181.5097
172,167.5123
58,90.26606667
86,98.26423333
142,139.3798667
201,156.2074667
163,142.5774
172,191.9425
143,142.1597333
141,134.7783667
49,96.942
110,139.4740667
214,145.5063333
125,82.02116667
153,150.7139667
48,132.7997667
81,126.9198333
103,85.97596667
96,161.3510333
112,164.2973
229,204.3187333
157,149.7700333
122,118.7764
139,113.5821
72,111.0270333
140,114.8526
152,161.6009
110,169.3783333
75,134.5946333
140,174.7912667
74,82.5185
127,127.7100333
102,80.25033333
105,144.0070333
142,143.3956333
77,69.95266667
80,86.16046667
174,182.7432
128,70.18913333
238,180.4474667
27,76.0621
106,132.7483667
183,159.4622667
65,118.9693667
80,115.9738
96,101.2466667
67,100.734
107,134.9173667
184,167.8097
100,145.2652667
104,90.67136667
84,133.3780667
52,75.79963333
136,192.1967
61,98.75943333
107,136.8146333
162,197.0167333
173,171.6332
96,90.64826667
95,125.4591667
86,165.1919667
202,183.3701333
177,86.29063333
113,166.4432667
139,160.3215333
96,116.2081333
121,154.4015
129,108.3640667
102,119.5888333
96,146.6924
193,203.5714
109,131.4420667
71,139.5926
94,124.9675
166,158.8454333
126,127.9548
95,147.9928333
32,86.191
180,246.4617667
100,125.7427
185,184.3549
165,189.2799
79,85.8764
140,157.7560667
129,127.3534333
130,136.0007
112,173.6535667
194,179.1635
125,130.2625333
133,167.1695
111,138.6920667
108,79.39963333
115,117.6058667
86,94.31553333
53,78.3643
65,80.47356667
55,66.0247
102,122.6828
108,112.3108667
139,133.5124667
84,97.1193
62,81.15586667
114,112.5828333
253,214.8001
52,78.97706667
183,133.9057333
232,205.8071333
12,131.6754333
67,103.5375
69,71.972
125,101.7539
112,145.7522
123,151.7383333
185,134.0497333
17,76.73
128,134.2676
40,67.20973333
90,70.42933333
141,152.1000333
128,120.3420667
39,140.6080667
139,161.8225667
124,127.5611667
135,156.8902667
234,128.6694
140,146.4970333
233,178.3301333
163,152.5267
106,129.5113667
136,82.50023333
30,131.2713333
88,143.0812667
14,69.73206667
172,102.2649333
189,80.39666667
160,117.8690667
171,128.5123333
172,135.1537
55,88.2733
74,94.12883333
189,198.1727
143,105.8101333
69,139.7358
200,136.6900667
77,102.7679667
285,195.22
149,131.7545333
141,138.4887333
186,143.5733333
148,129.7409667
176,63.27076667
98,130.3702333
330,258.4699667
153,166.2011
253,167.4984667
187,131.7573333
154,74.6423
76,141.7125333
187,140.0659667
158,87.50733333
161,105.8187667
123,151.8482667
121,163.1249333
71,126.2689333
105,136.4942333
185,113.7816
182,140.9335
149,169.3285333
130,135.6696333
132,158.3240667
153,159.4126667
82,109.5367667
239,234.5238667
218,203.6816
172,158.5437333
180,168.9257
38,150.0419333
204,134.5337
177,192.2227667
237,187.7304
257,191.0400667
120,141.6308667
124,174.9676667
78,95.3083
156,146.2409333
110,132.6818
140,135.6015
197,181.6988333
150,150.6858
112,129.0694667
178,192.7675667
154,171.4342333
69,177.3289333
210,214.8982333
204,191.6147
159,149.0282667
111,195.1649
229,184.3092
167,136.0079
113,109.8436667
192,161.2816333
129,90.50353333
232,208.2249333
204,181.7890667
64,113.3763333
127,87.88423333
227,190.9165
221,243.5115667
103,95.49003333
182,153.0191
183,209.3095
316,276.7750333
157,190.5725
176,157.9984667
126,93.64356667
190,166.3580667
30,50.24153333
31,49.58936667
252,221.5288333
334,121.8668
69,98.31273333
197,183.4026333
164,215.7491
72,90.1023
68,69.39366667
168,147.3030333
139,154.0469
56,102.4891333
30,66.54806667
173,165.2998
178,187.1036
115,107.5961333
113,119.7877667
178,199.5850667
191,168.0642333
112,88.10246667
189,97.24946667
151,59.45246667
116,114.7331
144,144.3385333
146,131.256
174,166.9814
171,155.6263
179,161.2925
83,104.2862667
37,82.12843333
150,176.0565667
125,135.4228667
167,172.0158
147,177.3167
136,162.1122
142,173.7530667
140,132.4751
174,153.1959333
155,188.9918333
194,159.2269667
171,125.3162
103,144.8830333
121,167.4243333
199,170.1493333
152,170.6963333
177,184.4646667
108,138.2630333
170,189.5230667
149,155.6180333
182,159.0127
87,188.022
200,187.5737333
112,158.76
97,158.9876333
80,123.5885667
59,138.5745
107,131.7706667
136,142.7365667
97,121.3632667
166,152.7738
140,172.9842667
69,104.3568667
167,125.8081667
166,139.743
78,82.80086667
166,119.5603667
148,74.7166
147,174.9635
141,123.4297
131,91.81443333
179,134.9457333
122,87.76476667
60,72.522
86,79.1291
135,131.8079
116,88.7969
96,106.8915333
40,95.71053333
145,139.5284
169,152.9190667
225,259.5642
93,113.3437
166,181.2478
229,177.2086667
93,124.0068333
172,152.5052333
175,188.0078
138,103.0237333
120,86.40833333
96,115.8645
78,90.38833333
119,154.6791333
99,100.6655
62,114.6787333
150,155.3945333
130,131.0285333
175,119.7689667
80,103.9336
79,92.97836667
140,144.0805
12,180.9867333
100,187.9663667
126,207.9423667
133,156.9272
210,133.8207
57,63.55353333
210,138.1394667
149,101.3818333
149,155.4977
152,118.5895667
55,79.70246667
129,172.9211
158,162.6742
65,96.48863333
69,98.58083333
22,122.6711333
167,155.8710333
215,170.5882333
168,141.5621
166,135.2185
33,68.904
164,125.9526667
111,82.3598
152,155.8072667
149,89.03063333
152,60.2491
137,114.6467667
132,123.3855667
11,141.6756333
152,89.92403333
157,150.2029
176,137.1149333
140,138.4031
197,160.3457667
181,167.6251333
157,79.74693333
139,127.7653
169,69.9694
128,64.86783333
127,77.72723333
152,87.2928
143,116.6840333
105,77.6786
137,130.7586333
105,68.75556667
94,78.74606667
183,94.89546667
145,128.0653667
101,130.9127333
237,110.165
131,129.8949333
181,98.00356667
22,75.1316
81,83.11843333
141,124.6726667
140,66.2727
144,69.79653333
117,137.1428333
79,72.651
57,139.1322
100,133.5225667
153,84.4536
78,80.21056667
124,165.5878
131,82.4863
148,111.8488
172,170.6787667
184,166.4416667
177,147.1457333
148,146.8767667
161,149.9828667
176,149.8440333
16,93.74536667
179,178.0530667
219,212.0196
206,179.9113333
156,174.3985667
164,162.4300333
163,143.3736
164,101.6193333
183,115.2717667
173,163.0710333
201,145.2598333
29,135.4627333
221,123.8485
25,171.0602333
127,156.3818
147,157.6927333
123,66.22103333
175,140.0086333
114,81.95253333
81,67.85253333
127,69.0126
109,138.2808333
272,137.6218
160,127.9933333
143,140.6394
139,112.6969
142,66.08763333
165,185.2524
201,169.8454333
199,191.5266333
162,189.2210333
263,176.9301333
206,181.3235
172,196.1611667
151,127.9058333
143,185.9721333
168,158.2883667
156,114.0005667
90,143.1000333
44,105.2516333
198,177.2953333
161,139.9160667
97,139.2902667
215,150.1430667
91,97.11336667
144,118.7824
211,191.1026
104,80.78693333
189,216.9275
123,110.1237
171,85.42403333
146,132.7852667
103,137.9694333
83,88.29133333
180,175.6894333
175,118.7921
126,122.3942667
151,164.0491333
250,176.1424
125,128.6481333
187,191.8213333
162,141.8554667
191,147.4779667
23,69.1365
24,75.17283333
43,66.81556667
147,124.0043333
108,131.1858667
131,87.17143333
114,68.93866667
192,139.4422667
144,151.0785333
172,115.0999667
241,217.0053667
156,161.2926667
34,82.1624
152,175.7021
140,150.0862
188,142.3277
176,178.7659667
161,105.5780667
117,141.3115667
185,168.0777333
111,139.5673333
108,117.6360667
121,151.8383
177,162.6383667
168,160.7641667
179,136.8607333
169,139.8456667
155,172.9381333
143,158.2907667
96,104.1414667
234,216.1852333
108,84.5665
169,181.065
166,174.918
168,179.5343667
111,106.4100667
178,142.8203667
133,143.1987667
168,218.7803
168,166.6709
84,109.7142333
172,153.7569667
175,181.3342667
116,114.5442
75,143.0471333
40,176.7258
117,132.5926
86,78.83383333
96,56.95586667
141,125.4132
183,134.2771667
170,157.0938667
151,152.4582333
276,156.6337
207,163.1682667
100,125.7486333
165,172.5252
176,149.3474667
197,186.3975333
164,137.5528667
153,94.72406667
140,121.8335667
100,144.9269
143,112.9212
75,93.7868
119,133.4648667
209,142.3308667
34,113.5322667
157,148.3638
136,147.8681333
154,148.1391667
156,132.1382333
140,138.4150333
226,186.6378
149,171.5707
230,198.9178333
131,140.7362333
115,159.8105667
139,160.9842667
122,130.8894
145,177.7737333
128,113.2364333
152,147.8385333
183,141.3466667
164,48.8209
73,77.1996
99,65.05933333
179,106.1489
131,137.2498667
147,124.4789667
72,72.3383
185,166.0935667
238,135.4777333
127,124.1117
184,107.0444
185,185.8563667
122,181.8756333
209,180.4385
105,142.1697333
25,86.94416667
113,130.1140667
124,110.0883667
126,94.5935
135,103.9058333
209,172.3824
137,125.5260333
198,170.8336333
99,66.62626667
232,197.7163667
155,131.7966
118,98.2909
254,178.5012667
172,134.5323
165,176.1788
233,232.4870667
74,121.4212
193,164.4846667
124,157.4250333
88,102.4865
184,171.1864667
208,159.1762
138,172.0104
150,142.499
248,168.5608667
269,152.7965333
172,193.2795
363,261.1326667
110,116.0590333
112,71.10563333
118,71.90246667
65,89.02276667
130,143.5420333
80,112.5050333
117,95.0291
63,78.5475
125,113.0278667
109,82.29443333
118,108.1405
85,69.67303333
151,65.91543333
129,99.18753333
35,93.09553333
116,105.9335
164,121.6143667
139,187.2961333
118,132.8788333
147,147.3205333
177,151.0253
130,126.8914
131,139.7053333
101,117.2334
83,69.7989
160,184.8230333
83,80.49053333
104,121.8587333
143,126.3407
162,128.9267667
150,105.5880333
123,118.1023
102,108.3003667
57,115.3168667
154,139.7922667
135,133.6284
94,110.7713667
112,96.2466
152,155.3858667
130,129.3990333
259,186.8425
126,140.3001333
222,162.6757
104,105.9759
117,152.2766333
150,152.4301667
148,139.8543
113,134.1806333
100,138.6569667
165,163.3570667
155,155.5647
159,132.7061
124,160.9164333
152,134.6962
136,121.5812667
158,169.2804
140,144.2421
111,146.9472667
108,124.9614667
142,96.41683333
44,81.2934
132,151.4359333
107,129.2607333
111,116.5040667
89,129.9999667
169,119.7738667
149,145.3099667
133,142.307
243,176.8077667
125,139.8501333
134,153.1169667
152,136.6508
59,84.28513333
165,186.4977333
198,160.3205
50,145.9582667
109,133.9241667
156,141.1350667
116,128.5221
148,205.8808333
151,148.2397
104,154.2051333
92,172.1291667
102,173.9881667
149,105.4103667
141,133.7519
133,185.4261667
101,113.9191667
97,150.0012667
136,198.9826
161,163.4923
230,197.7577667
102,104.9180333
157,235.1625667
125,157.2176333
240,202.2596
116,157.3517667
110,192.2457
277,229.6024
73,129.5734667
148,190.1947
183,141.6268
160,161.5390333
197,152.8021
158,140.4201333
134,135.5833667
129,84.74146667
191,184.4654
116,131.2309667
96,75.34963333
116,94.39373333
155,169.4578333
149,94.35783333
178,179.2675333
140,107.0308
196,171.5723667
102,88.57153333
115,138.3715333
134,105.1262667
180,166.1975333
165,163.5672
55,79.5586
160,132.7583
181,172.7498667
155,130.5503333
94,117.2621667
151,170.7431333
37,98.36
185,99.95546667
182,173.1440667
257,185.2549333
141,78.00946667
152,165.1236333
150,142.0811
146,175.9139333
183,165.8128333
160,164.2033333
127,129.0515667
153,172.9742333
187,169.7716667
196,135.3654333
176,109.4948333
199,150.0900667
62,135.2676667
114,152.8619667
16,114.5420333
141,110.9900333
140,125.0573
192,190.0645
104,67.75683333
138,96.69393333
168,177.4182667
175,174.4300333
207,163.7468333
233,173.9615667
174,210.2605333
202,157.0493333
172,136.4944667
175,148.709
162,171.655
31,123.6016667
235,196.3631667
118,100.9915
229,181.1068667
180,140.6298333
170,144.9632333
161,160.9484333
114,114.0696
162,193.2150667
78,101.6012
149,124.9198333
173,94.35983333
139,135.8786667
152,125.7973667
175,154.6406667
140,132.8657
138,83.96326667
137,117.1263667
197,163.7662667
53,57.22293333
221,201.9793
213,148.4630667
133,190.7882333
175,147.0998333
199,192.9994333
181,147.6116667
168,138.8166333
30,91.7188
152,148.9979667
111,132.6158667
148,133.7347667
148,139.0472667
194,161.4008
130,154.2467667
89,137.3216333
69,151.4098333
142,133.1276
202,175.2548667
13,88.6052
134,149.1909333
69,81.90216667
82,84.25223333
156,124.4584667
127,108.9799333
116,137.7145667
157,179.3300333
89,88.77693333
90,90.6149
116,130.169
76,94.2962
54,85.5741
25,83.9151
94,90.17106667
92,97.34996667
26,78.32433333
89,130.4476
77,72.07653333
109,91.97083333
87,96.56663333
168,164.5024
93,112.6950333
78,65.80913333
95,109.7582667
28,125.1530333
116,80.26983333
107,88.56283333
98,64.9842
102,111.8521
131,135.2927
122,97.44193333
105,98.53046667
104,125.5754
139,68.63816667
126,78.07093333
127,139.0538
109,89.83056667
121,106.3485667
104,121.548
81,77.50353333
216,115.9658
108,186.0222333
154,177.0663667
109,132.1758
156,156.5763
92,129.7967
144,116.0947667
146,81.3817
105,117.6526333
109,120.4898
116,108.7996667
89,92.39216667
117,106.4128667
79,96.10203333
70,116.2282
141,83.54126667
134,150.0063
127,134.3895667
132,116.5259333
174,163.1803667
151,89.0311
88,87.31796667
81,124.5181333
55,86.65176667
96,96.22566667
108,139.7067667
128,151.5305333
87,136.1257667
112,156.8879667
54,82.43433333
137,139.3773
98,158.2674
38,68.2693
65,73.5958
61,68.35423333
36,68.87603333
22,65.37606667
97,91.37963333
76,86.4195
71,91
73,69.86023333
77,82.36243333
59,75.9141
90,132.3805333
70,94.69246667
109,126.7269
110,138.3167333
155,145.2012
124,93.49346667
125,123.6018667
86,113.4946
123,126.6787667
147,153.5990333
117,163.6034
163,172.5767667
118,90.53673333
87,125.4057
147,179.3893667
111,125.6738333
217,186.2215
86,112.5863667
162,158.8961333
95,129.0603333
56,68.65026667
94,143.7402333
87,143.3776667
95,111.4484667
88,90.62716667
110,97.20736667
116,118.1554
88,102.7835667
119,140.7217667
102,100.8525333
98,99.86973333
157,162.9051
220,173.8903667
110,103.6559333
74,109.3826
69,107.2177
39,53.03066667
136,114.7625333
97,91.15016667
92,70.50236667
99,81.4357
59,79.2119
40,65.33953333
112,87.71816667
118,121.0156667
108,70.90776667
38,73.13253333
36,70.0011
61,87.13223333
55,66.63963333
47,49.68996667
93,88.62863333
12,123.5363
68,80.88066667
71,94.8811
49,68.19276667
38,74.55186667
122,84.88916667
106,84.45073333
133,128.3601
61,86.4881
151,84.08993333
70,68.8973
185,184.4342
36,96.38163333
55,47.58726667
156,157.5464
30,60.81296667
59,91.32513333
75,132.2618333
70,91.51383333
46,96.3877
156,91.8565
152,108.561
177,154.8377667
202,70.6769
179,157.2145
190,209.5087667
171,191.6743667
114,138.355
65,66.491
156,143.3528333
106,138.6202
133,198.0893333
126,146.461
124,137.4727
96,126.0595
226,263.6612667
159,145.5993667
133,190.1085667
132,151.3723667
156,181.1899
199,204.4904
254,258.8910667
47,107.2555667
179,164.3552
156,164.3636
77,108.2762333
37,112.3116333
80,142.7232
146,142.8637667
136,122.4748333
100,140.2161667
80,98.26893333
153,189.0479333
104,139.5689333
122,132.5496
171,162.8756667
103,95.8456
148,189.7240333
159,138.9552
133,145.0052
161,161.4314
71,93.08543333
76,143.2674667
96,103.0800333
109,120.7505667
114,134.2890333
160,172.9787
111,125.8814
144,152.2394667
121,151.4003667
142,124.7096333
63,87.21216667
102,90.52273333
30,78.97123333
143,149.5078667
167,145.3990667
100,109.3565333
112,94.36816667
143,210.8835
85,217.1455333
94,71.06063333
209,125.0525333
77,82.76633333
117,109.3170333
114,161.9315333
87,66.68133333
108,70.02223333
132,132.0334
85,102.2876
98,110.8881333
185,146.7070333
232,139.1659333
133,127.7833667
120,124.3464333
188,169.7086667
185,60.93983333
127,182.7011333
175,172.9189667
193,192.1467333
113,153.9495333
153,150.1808
130,189.2271
110,141.6857667
180,166.2380667
79,129.5110333
118,137.6739
116,129.0161
84,103.2486
107,123.8362667
139,107.7926667
75,141.9739333
152,165.0159
89,106.5589
93,133.2830333
67,83.46863333
182,181.7845667
154,134.2905667
127,141.9914
158,162.9672
131,172.0345667
136,188.6517667
117,142.6646
82,86.52256667
164,138.8099
119,148.4792333
85,82.46076667
168,150.3070333
111,130.6414
105,140.8458333
17,116.6355
75,94.92546667
22,70.7596
25,56.40336667
75,58.95356667
125,133.5063667
149,150.2340333
134,124.9012667
115,90.29443333
127,153.9334333
149,93.44883333
169,113.3978667
162,167.1029333
93,136.3998667
100,122.2765
175,136.9986667
99,113.6890333
113,139.7217
132,160.1669333
110,149.7518667
165,135.0603
143,137.7693
55,71.8157
106,112.1237333
61,93.8088
91,80.96546667
106,99.06413333
107,109.3905
83,91.6465
91,92.75943333
33,82.05393333
97,84.44346667
80,86.60303333
75,86.70116667
78,106.7988
29,52.35713333
61,86.18213333
109,95.08833333
35,67.99706667
76,88.1635
60,93.922
86,108.0080667
47,52.1317
71,82.85366667
104,106.0628667
42,54.89353333
46,76.04493333
95,101.7092
85,85.31573333
63,121.082
224,233.8087667
154,198.7622667
62,134.7117333
263,265.2385333
111,183.6657333
135,142.8348667
140,147.1353667
177,186.4196
186,116.2239333
183,187.0757333
178,198.4788
134,163.2458667
134,117.2528
194,202.6815
102,113.9724667
191,239.7128
213,223.6995333
193,128.7420333
196,196.2064333
142,110.6241667
161,168.6161333
96,90.1383
197,166.7056333
194,193.7709667
132,137.6413333
218,184.7972667
196,215.8647667
167,158.9428667
126,141.5076667
213,146.5933333
118,110.0853333
184,142.2733667
66,91.70956667
155,158.4738667
66,66.59823333
40,49.54816667
126,107.2504667
71,76.83893333
152,156.1253667
31,53.70296667
73,101.3270667
123,130.7935667
24,68.3496
103,171.7696333
88,115.0871333
92,125.8286667
179,191.4195667
123,138.6034333
179,186.8516
173,169.2441667
238,198.1339
183,215.4698
220,233.0552333
146,145.8944667
196,198.3778667
155,156.289
43,80.1044
209,238.8557
245,246.7415333
149,231.6177333
184,175.2144333
207,163.5701667
179,161.0515667
141,177.1477
158,159.3102667
155,164.0616667
259,185.7531667
207,177.067
207,212.1162
204,144.5825333
168,211.3276
153,128.5947667
83,99.10566667
150,195.022
179,194.4901333
187,157.5326
220,191.0488667
184,138.8795333
181,163.4522667
192,221.3462
193,197.0408667
172,145.6271667
191,174.5050333
103,137.5359667
239,201.1205
185,149.6952667
181,192.5946667
108,148.3553667
231,156.8394
150,135.4735667
202,176.1249667
123,136.2459
164,155.8683
141,147.9799667
206,163.2536667
149,141.9426667
62,66.2352
122,112.8370667
135,138.3311
111,95.74933333
65,100.7843333
109,111.0427333
106,111.2721667
141,131.5511667
186,187.0804333
92,108.8000333
165,127.2277
154,170.7205667
166,103.3070333
126,135.2650667
95,101.3143333
157,75.24363333
79,109.0845
95,141.1670333
93,68.49946667
233,131.2432
65,85.51803333
126,121.7571667
128,137.3232
129,104.1714667
160,163.5070333
124,114.0421667
86,67.41413333
107,83.1609
108,104.2129667
130,109.0795333
160,143.4559333
72,76.63073333
105,101.2020667
152,94.4968
49,85.709
89,82.01146667
91,86.46456667
117,120.5952
99,142.2067333
118,95.81833333
31,89.1264
63,108.7429333
111,76.29283333
89,82.7196
156,131.4659333
96,61.79576667
64,65.5743
83,85.25813333
93,90.36453333
82,115.7567333
102,90.32576667
94,110.2446333
95,131.7702333
91,96.7437
94,84.9588
202,195.8648667
105,79.45046667
99,106.7301333
76,83.03296667
58,65.43006667
90,85.59486667
105,104.8534667
78,86.8675
41,131.8591667
143,82.50983333
55,95.697
60,82.7656
77,90.8139
118,124.2699333
111,119.4363
110,85.10153333
94,85.4442
96,135.2885
110,82.77916667
143,141.0862667
56,73.30273333
96,68.49013333
68,76.86063333
60,85.72386667
79,86.5178
53,81.08323333
62,52.4323
135,144.0316333
83,64.29153333
109,130.4240667
77,85.99246667
29,95.47686667
67,81.05693333
96,101.2176333
82,80.3772
63,85.29716667
100,131.0892667
123,135.3438333
57,64.52403333
66,68.34583333
102,115.9695333
150,122.3509333
92,70.30166667
118,124.4495667
45,71.98626667
109,108.7922333
120,131.4576667
88,90.46463333
123,111.3810667
34,63.09063333
123,114.1590333
244,191.3065333
132,146.4961667
171,157.4772333
191,209.2170667
213,193.3477
226,186.6513
126,128.2606667
235,131.8378333
121,96.6535
137,116.6428667
70,90.97663333
149,160.9964667
194,180.0680333
107,132.7617333
104,104.0839333
174,181.7332
149,153.7089333
189,171.8115667
160,136.3735
160,105.4753333
175,211.2787
249,217.3416333
138,138.4423333
128,173.0903333
137,92.9282
102,159.3600667
236,241.3199667
157,153.4864
172,145.1436667
163,161.6519333
137,118.7120667
183,188.8834
174,120.9669333
270,236.3675333
134,156.8428
188,173.4778
174,208.2435667
169,215.9416667
143,131.5023333
176,121.9478667
168,68.67413333
204,133.2962667
209,179.2071333
181,151.0598
190,184.0296333
184,177.4890333
147,166.8671
233,188.706
181,153.5181
146,155.0997
160,162.3757333
244,220.8809667
189,134.2612333
66,110.6867
19,160.3539333
32,123.6020333
156,136.4088333
139,152.2618
117,188.7764667
122,113.4185
37,65.67546667
129,146.9077667
29,140.3889
119,133.5945667
158,167.5613667
130,155.1972667
63,73.5688
63,98.26546667
73,92.18686667
110,108.1314667
101,69.69516667
143,72.40903333
111,134.1154
166,134.4021667
140,62.80073333
219,89.16783333
143,89.99876667
99,70.81736667
108,80.16906667
128,91.52596667
104,95.9163
137,129.6234333
150,128.9131667
150,98.75573333
129,126.6821667
129,129.9806333
129,131.8609
138,145.8328333
115,86.11613333
168,76.9955
182,73.46893333
137,139.4247
172,120.4770667
141,147.4757333
156,94.03596667
146,108.6935333
125,107.9832667
104,148.6918
188,72.82383333
157,126.3035
58,75.74623333
199,118.6682667
138,137.9092333
120,88.89503333
168,126.3391333
93,84.60333333
148,133.2002333
256,101.2097
136,142.6057667
170,164.0504
83,128.2713667
65,114.6141333
61,101.8035
206,203.3664
134,138.0017667
121,132.2085667
202,179.6237
35,88.8848
147,90.1307
132,106.0456667
161,70.19386667
142,125.9341667
99,109.9639667
124,141.9458667
141,144.4682333
120,77.82023333
133,145.6380333
30,193.3368333
91,116.8589667
61,143.2371
136,137.4261667
85,137.7674333
151,148.1565667
113,135.5566
101,65.34356667
102,169.6204
46,130.7343
188,155.3267667
124,142.1335333
149,206.8330667
110,114.0371333
137,131.4457333
145,183.3751
122,170.1176
184,199.6123333
170,135.5535333
20,133.3713667
48,88.17756667
146,92.10196667
77,123.5781333
65,149.8094
108,126.2502333
115,87.9614
23,128.0533
45,185.0951667
94,108.6386
168,128.3952
167,160.6609
33,184.6176
107,133.8715667
25,74.6154
78,149.8264333
14,72.58136667
54,165.6125667
159,177.4902667
65,75.175
123,133.6562333
85,77.73616667
98,119.4292333
75,96.3949
94,110.044
169,173.6942667
57,130.5105667
71,157.4499
192,149.1798
45,86.52283333
31,64.51826667
66,76.35413333
181,119.4712667
76,69.07346667
80,79.7213
19,110.8415
20,49.036
21,90.61
63,94.9808
131,103.2305333
84,92.10566667
59,71.2317
72,79.46486667
94,122.2954333
89,98.63423333
80,80.39496667
148,99.23366667
99,107.3787333
89,83.9289
94,88.4629
75,49.39076667
54,91.27823333
50,66.41966667
70,68.6016
86,82.6236
122,78.23953333
80,81.53413333
72,69.09253333
114,95.08343333
113,65.12196667
51,62.503
111,84.66346667
68,87.73616667
101,92.81616667
87,85.1404
24,108.9817
119,97.5654
110,104.3853667
71,77.2654
104,89.06306667
101,100.1688333
91,84.409
81,105.3916
62,87.2937
129,100.0540333
109,85.68586667
137,90.6957
49,73.10463333
104,107.4832333
109,130.0967333
118,111.6667333
43,120.1058333
168,124.8597333
115,110.5463667
33,89.06696667
147,129.2519333
41,87.82046667
74,103.2111333
140,64.18383333
102,77.27373333
73,73.5389
91,88.11096667
84,65.07806667
85,79.88523333
147,74.4545
78,95.96426667
59,72.34863333
29,89.2727
112,65.1165
129,97.83646667
88,99.66263333
73,70.85993333
115,134.8417333
48,74.0093
129,88.20656667
53,59.02613333
87,90.8996
39,52.64966667
92,104.1625
82,97.27806667
87,48.066
54,124.5755333
112,127.4928
78,65.0577
69,88.32083333
109,104.1114
104,118.1138
52,76.83626667
76,84.9465
101,87.7502
89,114.9099667
89,121.1476333
100,111.8027
80,88.13326667
72,94.9146
108,101.2222667
89,64.78386667
103,85.51596667
64,68.6089
127,110.4606667
65,86.61453333
158,107.7405667
110,91.92153333
104,91.27216667
66,82.7482
117,77.20303333
56,77.27506667
150,119.0799333
79,83.88083333
72,84.9574
79,67.84863333
124,94.71536667
54,111.3629333
78,79.0564
69,73.6895
45,71.23076667
129,116.5311
24,81.2032
85,84.58893333
82,79.46486667
124,122.6781667
72,79.03083333
102,106.0293667
40,80.93116667
96,89.72743333
136,126.3945
112,127.2959667
36,61.62156667
95,83.772
67,69.55613333
116,83.9392
133,78.33506667
65,85.7522
99,89.16343333
75,85.20766667
79,80.93346667
107,98.2502
7,83.05523333
194,133.7967667
89,87.07596667
59,59.1508
76,88.27886667
94,103.0286
51,65.08216667
19,84.00103333
72,103.7200667
102,82.2387
88,89.43823333
50,53.6723
47,47.52433333
88,89.52763333
70,54.29396667
96,129.8748
54,78.50063333
80,72.8208
106,80.18666667
90,82.02453333
47,45.3308
101,106.8112
90,61.31676667
39,79.43256667
54,72.59733333
50,61.05586667
97,83.72026667
127,142.4726667
90,101.5476
107,86.16473333
127,129.9629333
65,82.01153333
81,71.46373333
42,78.75463333
65,87.4753
106,128.2606667
128,129.5304
97,90.30013333
138,105.4721
111,101.4834333
46,70.331
96,90.06066667
131,102.2621
70,86.59066667
100,109.3821667
86,86.18966667
83,82.34633333
115,84.81913333
108,84.23083333
55,68.965
75,68.69456667
71,67.08493333
89,80.6514
84,65.3172
133,136.2881667
37,78.40176667
75,133.3816333
98,92.1004
91,74.6178
90,109.9865667
100,103.8766667
102,81.40076667
63,62.1177
94,105.1558667
117,92.91386667
106,83.19956667
86,63.0608
90,83.9338
105,107.7955
74,92.52046667
51,52.5241
114,86.55806667
72,64.50076667
107,79.25316667
76,100.1567
55,78.11383333
59,78.46066667
94,95.86923333
92,80.92286667
106,71.44103333
99,101.2849
43,79.84223333
46,76.9056
67,62.33263333
42,70.65143333
116,99.71363333
59,68.04406667
90,89.62716667
54,65.95523333
103,113.7948
71,63.99946667
83,94.56403333
107,68.5457
83,95.56333333
75,90.57003333
69,75.00066667
95,130.3046
90,99.60133333
40,88.56863333
37,81.59763333
43,67.19196667
42,65.50106667
14,80.74053333
49,61.0825
85,64.97313333
36,65.4943
63,83.933
83,89.90513333
117,81.7363
99,67.6463
84,89.9128
86,88.69456667
83,73.43566667
54,67.01856667
98,112.9055
63,85.31753333
99,76.56026667
75,69.3603
32,58.96486667
99,79.21046667
117,140.2987333
91,87.16453333
85,92.77536667
40,70.72436667
90,84.95573333
76,80.15763333
82,101.4131
31,52.3429
65,74.0858
55,53.05496667
147,100.9721667
13,52.54003333
63,57.16326667
68,73.77153333
124,98.37643333
40,58.24513333
64,106.5039
47,80.21806667
88,57.12926667
83,55.8845
76,73.23136667
57,73.78193333
84,70.71413333
120,64.05226667
47,54.39783333
71,75.20946667
96,79.584
100,83.6367
97,122.5242667
149,128.6945333
141,128.2355
130,103.9931667
120,102.9854
74,106.5138
130,148.7461
109,117.6394667
70,95.93876667
103,123.7086
126,111.5287333
136,129.2847
105,89.10723333
109,70.3245
142,82.74266667
131,134.8295
120,117.6276333
110,71.82466667
121,129.7811
49,61.41953333
162,117.2678333
106,116.9218
80,97.45096667
81,77.81483333
129,71.41706667
105,127.8584667
97,121.973
120,128.2098333
107,102.9514333
59,97.34703333
149,89.17516667
130,109.9944333
97,69.78823333
178,153.8972333
156,96.7097
49,185.7892333
191,112.6717333
64,134.8715333
74,134.0958333
158,144.4261667
80,125.0854
138,89.83853333
108,67.38123333
71,73.82216667
115,92.69296667
129,69.73926667
289,203.4151667
230,181.5316
171,157.4669
334,130.5677
184,159.9823333
160,175.0709667
127,152.3371667
189,179.1087
135,123.3054
104,83.33076667
126,102.2195667
152,77.56126667
118,78.62413333
126,111.6141333
176,111.1683
80,103.5099
160,185.9474333
189,185.5400667
211,195.9416
63,88.2103
140,133.9433333
128,136.8368333
120,74.45233333
84,92.07276667
189,145.1808
110,152.1961333
156,172.7633667
129,134.2139333
117,88.92396667
146,131.9744333
159,131.1986333
170,138.2647
144,114.7923667
132,131.0953
253,203.7711333
135,114.6645333
140,142.2283333
196,164.9307333
167,160.2161667
121,107.5068667
195,208.0782667
179,191.7327333
233,183.2955667
114,105.8717
175,191.9458667
100,119.2431
145,190.0460667
171,67.89263333
136,122.2075333
147,158.9117333
158,193.5586333
112,99.31073333
57,85.35473333
71,112.4122
157,146.6902333
73,85.1228
84,106.4680667
141,63.90693333
68,118.9936667
87,63.3473
42,91.96906667
149,149.1231
147,115.1630667
243,205.0141333
24,54.56626667
139,170.1122667
161,150.2033667
125,80.20383333
140,94.67463333
132,138.6014333
119,133.9121
140,165.3223333
156,90.48873333
97,76.53516667
80,96.89793333
127,140.6127333
206,92.14176667
120,74.49186667
81,92.34493333
124,115.3532333
136,131.9530333
108,123.7239
84,62.17933333
129,91.82816667
103,105.4700667
174,151.2315333
131,158.5106667
154,166.5523
150,196.3831667
186,194.1420667
182,175.9884333
230,209.2606333
224,196.2761333
216,163.5512667
169,188.0294333
238,193.0405
163,144.9758667
115,203.1513
161,167.8675667
199,173.6110333
168,142.3821
187,146.2664333
100,106.3807
170,188.3738667
172,183.0849
173,144.9465
206,192.7675333
238,186.472
121,92.9183
164,156.7231
136,132.0637333
197,180.7012667
159,118.0744667
193,177.7642667
176,151.5525333
157,131.1743333
164,139.3665667
170,237.8115333
175,178.8821667
216,235.4492333
207,179.518
142,204.672
143,53.91536667
189,164.2343667
172,155.9271667
140,141.2322333
225,197.8693
219,193.8660667
107,53.42433333
161,197.5309667
196,153.7627667
201,180.251
148,132.8947667
188,142.5167667
244,256.7301667
162,145.9287333
126,143.0383
215,186.1768333
206,192.4296333
219,235.5304333
72,95.7708
247,247.2013667
201,195.6093333
69,58.9268
173,158.5890333
248,212.7619667
190,187.2346333
185,166.2349667
191,186.5447667
156,180.9979
205,188.5145333
162,151.6000333
195,130.7934
162,165.7417667
208,141.5573667
40,175.4879667
114,176.8147333
193,147.2349
246,235.2797
124,138.9275667
139,148.4659
179,162.3011333
181,149.4177
217,162.4176
141,147.0629667
188,197.1859333
163,142.0381667
223,189.3592333
186,145.4297
247,240.6902667
184,191.4710667
165,134.6982667
144,140.3135
129,142.0293667
181,208.4882
189,178.3202
199,169.8647333
182,166.5985667
188,183.5918667
127,116.7757333
111,156.5660333
165,179.0143333
168,176.5372333
221,206.8342
70,91.8777
158,158.0361667
148,134.8715
170,157.1626667
155,119.1060333
206,164.1761333
252,230.5005667
140,197.5221
196,164.9818333
141,132.9661
169,154.4491333
118,95.47673333
221,163.6222667
43,117.9848667
222,193.2983333
141,189.2011667
200,166.3184667
262,113.3970333
121,135.8063333
152,163.6855
59,68.5622
121,121.6698667
106,125.8407
57,119.4253333
20,107.7435667
19,52.0403
42,67.0219
158,148.6265333
102,54.84746667
104,51.15076667
61,84.65633333
14,89.66643333
49,79.8253
58,80.84863333
74,78.51416667
52,72.5919
109,120.6213333
55,68.48353333
65,74.9544
91,90.17713333
85,100.6899
67,136.2013667
70,119.1528333
57,84.45613333
69,73.10566667
93,64.73626667
88,70.80833333
38,81.1804
91,63.8768
155,132.4529667
104,76.44013333
84,66.6704
56,76.88813333
79,89.56946667
86,91.88833333
75,69.1732
140,88.87873333
50,79.892
36,69.87606667
88,76.78716667
104,75.44376667
60,76.38733333
67,90.5034
95,92.7309
137,161.4676
61,84.46043333
66,75.04406667
139,157.9148667
92,105.4181333
118,87.33916667
156,165.2807667
151,120.1760333
193,134.8753667
172,137.7284333
168,185.2524333
150,165.0574
111,158.661
147,179.7001
179,168.1836333
210,244.4482
175,194.6526667
146,83.47156667
253,234.4651333
167,182.2042
191,195.7754333
183,150.3803
71,141.7824
120,153.4909333
152,101.7083
228,135.8210667
199,175.7483
205,254.4763
74,160.5325667
124,89.36356667
207,198.5366
183,253.0353333
160,204.3714333
112,130.2021667
116,134.2815667
176,183.9009333
79,99.90403333
249,116.4743333
136,129.3304333
83,87.47076667
209,186.8336333
154,133.9218
132,165.0393333
81,102.2178
114,134.9813
127,145.0456667
102,126.3139667
150,172.2068667
86,130.4604333
152,166.0433
167,156.1179
92,129.8794667
58,85.1609
97,171.5109
74,106.3627333
28,71.5616
113,117.0907333
131,119.6278667
129,148.8379333
166,137.5889333
68,136.3170667
87,166.5930667
137,156.5568
87,142.2613
73,128.6632667
133,166.3160667
12,189.8957
98,114.6465333
129,133.2923
28,111.7164
74,79.37156667
93,147.9015333
17,111.9163333
65,125.2323333
13,88.646
148,170.6618667
84,107.1768
135,193.0635667
121,135.1486
93,123.4175667
65,104.9789333
168,182.4546333
91,177.2783667
61,96.86616667
56,93.9165
81,84.05836667
158,164.8690667
119,141.4769333
135,155.4796
85,103.9500667
142,157.1683333
112,110.0744
96,102.6669667
43,76.60766667
49,72.87886667
101,99.4281
175,149.1412
121,90.55146667
125,173.2964333
135,143.1201
89,132.9811667
96,141.3685
105,127.4832333
74,87.58283333
104,179.0832
40,83.5259
65,102.4814
141,136.8479333
187,160.5593
58,104.3892
96,108.3053667
54,116.5424667
121,131.6982667
153,139.0069333
94,159.4510667
72,102.8552333
97,129.5177333
119,108.1487667
46,76.38686667
98,190.6136333
90,113.4355667
97,132.2992667
100,127.9640667
109,112.7372333
94,144.6252333
89,97.12943333
213,160.1057
112,117.5774
54,69.67883333
189,143.0354667
122,148.4142
171,165.7985
176,186.3052333
103,169.2833667
91,133.5776333
114,148.0608
77,71.1901
103,147.7346667
129,178.1633667
62,83.1426
134,128.0178333
63,90.81466667
110,141.266
208,171.8356667
52,103.124
42,87.30026667
91,133.5341
120,119.0200667
83,104.8184333
172,165.6081667
47,87.2479
165,85.6968
67,109.9974
48,68.1839
190,164.8722333
133,101.7346333
116,82.51123333
88,108.8289667
56,129.4784667
124,145.8791
78,110.8155
109,150.3516667
111,185.8391
130,109.9119667
31,114.7832667
19,65.8177
105,143.7750667
127,131.8504333
10,70.52866667
12,110.6536333
37,98.41396667
111,151.3427333
202,192.5975
122,121.4083
163,89.17996667
136,137.314
134,132.2306
128,124.7559333
165,141.1074667
70,87.68483333
219,165.7110333
121,112.9562
79,98.9605
139,138.3704667
82,137.0550667
114,137.3791667
174,196.0117333
118,224.6878
106,123.0883667
92,118.4420333
86,127.5427333
38,89.98753333
126,146.7212333
128,106.2337333
98,143.281
95,124.6569667
239,91.92973333
134,136.3938
105,72.57856667
64,74.37863333
98,104.5839
75,138.0521667
63,66.70673333
98,125.6276
83,134.7400333
105,140.0883
66,159.5787
61,109.8160667
87,90.7707
52,79.96713333
54,95.2439
16,76.36366667
151,134.7797
173,128.7903
146,171.6814667
137,125.8136
107,129.3142
171,168.9845
209,178.7482333
171,152.1434
203,167.2125
181,184.1974667
196,165.3801333
193,197.6317667
144,134.4445333
209,154.3451333
135,113.2113
189,148.4281
178,179.0364333
86,96.3804
64,55.54006667
102,75.54323333
98,65.41696667
48,75.24396667
76,109.4522333
119,157.2869667
80,122.5126333
113,147.7861667
101,111.0271667
88,90.48026667
39,81.04593333
87,117.7485667
95,130.0447
152,165.8716
81,130.2188333
104,168.4563
106,116.9423333
134,166.3107333
117,138.8191
53,102.6677
63,148.6228
167,209.6383667
138,170.7003333
60,100.8524
45,59.49186667
117,135.3958333
84,116.3956333
203,171.1171333
188,115.5141667
86,71.8501
106,89.36376667
84,55.40853333
81,105.1123667
110,164.0388
154,129.6268333
104,159.2421333
64,86.2079
74,65.8735
82,64.04203333
85,144.2062
121,154.4727333
82,128.2632333
112,127.8064333
156,141.5814
202,172.7535333
132,130.4097
72,187.2693667
96,84.929
158,196.6420667
89,143.4281667
164,106.7375667
175,148.4752667
127,190.1375333
138,160.1449667
122,168.4468667
93,116.0686667
123,184.8801
64,89.46046667
130,159.1314
131,127.6528
139,126.9256
129,114.6222667
72,113.7106667
162,141.5147667
74,123.3258333
96,153.8665
97,150.9593
141,151.2039
78,83.42536667
223,201.7912333
105,170.6238667
79,114.1794667
39,76.10903333
67,101.7739
102,87.9357
79,123.2510333
204,174.7532333
153,120.096
175,140.1889667
135,111.97
219,188.0734667
148,159.9061
131,150.1050667
144,148.8444
183,198.4984
180,134.0400333
136,156.801
109,86.1982
92,102.4142667
83,87.73523333
37,71.80873333
111,118.7513667
113,115.3445333
122,95.97683333
131,125.8405667
108,117.9685667
139,110.2606333
138,147.4920667
139,88.67846667
118,119.2567667
96,127.4392667
97,69.1678
130,101.3619667
133,76.56873333
134,70.1642
138,76.65363333
157,137.4261
104,123.1112667
149,131.0052667
38,86.18566667
85,79.2656
101,118.2349
115,130.7122
78,91.86726667
112,86.35426667
156,156.9215
102,128.8702667
72,117.3310667
54,69.62996667
140,159.2664667
189,159.1258667
140,115.6744667
117,102.1675667
105,102.3261333
110,129.7303333
151,86.00776667
146,134.5841333
172,116.7807
129,162.9347
194,142.5559333
154,121.4056
147,152.0971
136,141.0722667
77,82.12063333
131,70.85783333
138,136.8613
220,98.40153333
216,87.09516667
119,147.4153333
173,70.22973333
107,125.2978333
105,105.9703667
89,100.0781667
170,132.3440667
236,75.22396667
122,77.5819
161,70.58006667
159,102.8546
85,88.0965
172,163.4759
164,84.87666667
120,129.5632667
169,143.4272667
82,107.3257667
119,68.5199
138,80.87863333
104,101.2174667
184,180.4065333
173,116.9418333
161,127.846
138,173.6976667
189,144.2292333
161,146.6806667
147,131.5821333
145,169.7890333
74,131.8076667
210,158.8661667
221,155.1414
93,166.1328333
132,114.9507333
119,157.4627
75,197.7990667
93,149.8409333
62,166.7347667
120,191.8161667
92,124.6948333
120,176.2669667
128,159.9292333
79,152.9435
91,131.7176333
67,146.5739333
162,144.4218
195,202.695
143,165.3271333
56,82.24693333
128,137.5808
125,134.5175667
156,140.1606667
117,135.0875667
120,150.7000333
161,178.9054667
163,138.5073
148,161.7667667
114,102.2508333
187,161.4860667
154,134.8193333
186,94.91103333
95,140.3504333
88,126.4651
70,93.9567
80,108.1139
128,134.6150667
140,109.4129333
78,98.08463333
154,161.5361333
142,138.2088333
140,105.8606
106,111.2106333
72,128.4983667
69,133.5208
54,103.2572667
167,149.18
97,129.1303
135,113.5734333
101,141.5730333
111,152.1744
164,107.5842667
183,216.6882
105,133.4290333
133,166.1539
145,165.6064
132,147.0258
198,119.6622667
139,185.8259333
170,187.3421333
155,156.2512333
169,177.0222
224,254.1587333
162,168.0494667
134,160.1700333
278,255.5759
93,130.7033667
53,259.66
178,93.1185
163,125.4061667
255,178.6015
161,189.4275667
230,265.9082
252,209.2993
195,163.3558667
250,170.3104
183,187.9531667
96,130.9291667
156,228.5720667
115,113.3469667
201,193.4211667
81,135.4935
136,77.17986667
182,126.9769667
137,152.2281667
154,176.4278333
120,107.1532
88,90.57096667
119,143.9109
144,110.7403333
139,145.8252333
87,123.1611333
158,159.8455667
250,143.8349333
157,137.3845667
138,156.9673
199,206.2004333
231,167.9236
181,172.5484333
210,148.8331333
189,184.2263
173,63.66466667
126,147.5882333
158,158.8332333
180,144.9338
133,107.6489
202,173.7594333
109,151.2296667
207,90.889
153,162.6768667
219,242.3698333
195,163.8263
79,126.0721
154,124.2217667
277,174.4408
88,118.0383667
166,158.0479
165,143.7796
292,148.1421333
134,97.95543333
124,143.6554333
47,122.0545333
154,152.1447
164,137.6601333
78,152.0788
191,161.2708333
124,170.0143333
139,77.44826667
173,162.1858333
99,117.1631
219,226.9063
154,181.8048667
114,108.8919
56,136.4842
80,81.89646667
90,93.92416667
156,166.9091
63,162.0349667
142,161.4632667
150,129.9462
115,143.4558
159,143.4536333
180,150.9383333
149,198.8895
214,178.9213667
101,97.1435
106,135.8090333
62,101.2701333
186,162.5302667
220,49.84963333
115,141.8645667
172,149.8968
253,128.3247667
119,152.3785333
182,110.8548
170,84.27306667
233,190.0983333
263,194.0689667
151,157.844
152,135.4382667
209,197.5604
119,159.0272333
201,194.912
188,200.0876667
155,166.6380667
221,190.2812
178,163.3514333
190,170.9358667
127,110.3508333
130,109.5597333
199,192.1684667
197,162.1770333
206,210.4538333
134,164.5773
128,132.9640667
133,165.6063667
221,189.1386
161,144.3788
222,204.6907667
142,123.9816667
131,135.0428333
209,178.8692
114,166.9062333
217,176.7003
168,137.4796333
121,186.8351333
143,134.3713
151,146.6086667
185,186.0058667
97,144.0156333
156,228.1953667
179,199.9633667
175,180.8343
216,161.8147
203,204.3068333
181,157.0606333
86,140.3996
50,153.0116667
74,91.89906667
98,138.0850667
92,116.8875
96,163.8941333
184,197.8115333
125,156.3954667
182,182.7952
124,134.5713667
136,172.6595333
134,153.6118
137,215.9161
146,185.8921333
217,198.4064333
178,187.0741667
126,150.891
123,181.4912333
209,149.6280667
205,244.3531333
194,194.5329667
125,138.1667667
231,270.3226
171,204.6218333
66,146.3042
85,142.3633
268,264.9254333
223,275.0916
195,190.6268
118,180.3951
116,149.3247
78,127.1248333
109,145.1251333
146,220.5312333
44,144.1200333
217,255.8987
244,254.5305333
246,187.3296
98,114.9509333
82,153.0442667
196,141.7133333
194,159.5659333
94,157.9023667
154,185.5971667
125,179.9236667
174,190.8599667
67,86.90633333
163,126.9873667
134,175.4422
71,154.3257333
87,151.1117
148,193.2326667
91,126.7002
125,165.8755333
116,139.4973333
169,154.1353
162,131.8776
126,146.3151
23,151.7601667
111,143.9238
198,175.2973
108,163.3659667
58,181.5637333
152,154.2714667
178,162.4684
84,125.7934
168,179.2342
121,158.8247333
180,176.7028
167,167.6344667
117,161.822
68,139.0812667
47,62.7004
59,93.7995
161,208.2015333
166,142.4458
141,95.6143
178,203.3345667
195,179.6085667
250,188.0025667
83,92.43856667
117,132.4575
163,119.6908
195,202.6139
160,162.5617667
106,127.3836333
96,45.8963
178,157.2608667
199,230.9999333
202,250.6972667
194,166.0133333
159,171.1134
131,173.9178
79,134.3084
222,225.2789667
221,268.6894
227,231.2282
143,106.3430333
110,203.6998667
114,144.7224333
189,181.9848667
177,167.8896
133,105.6406333
230,221.3281667
166,161.0858667
142,124.0427667
189,161.5818333
65,102.5637333
161,149.5024667
72,103.8241333
119,85.39386667
136,135.6503333
120,96.1677
92,63.75816667
50,65.3167
142,146.6037333
200,183.4553333
173,155.0013667
165,151.7428
159,95.6174
165,181.2808333
201,208.0692
165,132.8252333
266,204.2091333
170,179.6667667
222,201.8054333
111,102.7966
122,107.7909333
127,142.4247667
229,155.3541
117,125.3429333
77,84.4994
126,154.5067
194,167.3852667
26,80.5083
39,56.19863333
41,71.20813333
232,185.6216667
140,189.4114
167,145.4959
191,193.6146
198,208.951
183,180.6417667
193,77.73296667
129,114.7981667
110,148.9415
173,171.7131667
199,162.8319667
115,108.5647
186,147.7247333
239,175.6917333
133,129.7863333
235,174.6575
182,191.3830333
192,174.7307
132,159.2024667
153,171.0193333
178,187.0543
193,248.6068333
179,184.4639667
210,219.1595667
180,185.2657
202,192.8532333
170,200.6891667
258,260.5972333
224,214.5181667
179,159.5511667
200,187.4093667
158,161.6273333
172,144.3905667
166,154.1633667
181,151.6392333
209,168.4369333
189,193.8994667
207,203.9212
146,147.6220667
221,207.0133
14,67.4368
147,124.7115333
229,199.5403
126,155.2224667
53,91.28456667
111,135.0521333
143,103.2231667
147,163.7145667
126,134.4762333
201,124.1394333
129,116.8014667
154,126.5632
155,129.6439333
239,131.8984333
111,138.1475667
111,126.8067667
139,137.7943667
156,145.4537667
178,177.9421
121,136.7722
200,160.1683
139,151.0338667
170,178.5127667
174,162.2454333
136,136.2025333
175,167.6946
172,153.9002
143,138.8231333
157,212.0807333
236,187.1350667
195,178.3044
191,185.3681
267,261.8024
208,168.5391667
195,184.8770667
136,148.9872
230,205.8918333
164,164.3338
81,84.91113333
207,176.0247
167,161.0695667
50,172.8500667
130,144.6222333
119,185.4896667
120,131.3345667
185,186.2142
126,162.4300333
162,162.1824333
249,184.3924
187,169.9016
132,158.8899667
86,91.34323333
194,235.3527333
50,108.203
129,146.9998667
152,146.4036667
156,143.7651
144,146.1859333
147,144.3046333
96,125.2399667
179,199.2633333
173,164.2981667
192,123.0834667
43,125.9305667
192,164.4831667
121,102.2055333
161,196.8292
201,207.8326
110,137.9530667
170,156.4307
173,186.5087333
142,134.9376667
112,79.9777
108,81.9641
109,131.8049
210,195.1346667
196,169.4748
138,187.3150667
189,198.1460667
101,186.1701
119,77.1217
173,178.0473667
113,86.85563333
87,82.35013333
164,184.7671333
169,147.4676333
150,199.0678
132,133.2927
193,161.8096
179,169.2164667
155,185.6412667
151,176.0603
149,172.3138667
84,123.2722
125,118.4824333
116,156.8351333
190,208.1406
178,158.3768333
145,143.3637
179,156.8167
221,183.9841667
123,183.14
64,85.7598
151,194.3203667
162,204.5559
113,185.0676
105,95.20463333
171,167.5666333
141,157.5251
208,188.3044
138,187.1020667
212,163.2858333
146,128.5416667
162,170.9198667
137,141.6094333
173,198.3226
153,252.3791333
179,169.9571667
141,132.7798333
87,124.1692333
129,214.7797667
109,123.6247333
217,230.6225667
151,171.9650667
185,166.0076
146,221.4174
115,171.0120333
86,142.1627
155,148.8995
138,132.7776333
128,83.32166667
94,86.54543333
97,68.24696667
96,77.8287
132,125.9530333
128,113.6291
114,170.6003333
104,86.1847
108,102.8248667
119,95.74613333
83,97.7574
178,161.7879333
153,128.5010333
131,132.0236667
164,131.3976667
139,120.3951333
63,74.7536
165,154.4442
88,104.3891
175,145.2024667
140,118.4961333
159,150.9124
112,88.05773333
110,172.2803333
129,183.2294
125,143.7647333
200,198.5103667
157,171.1486333
74,129.8878667
121,156.5000667
183,137.1447667
139,178.5531667
143,157.3534667
162,138.7317667
132,165.1940333
145,161.0998
148,158.4234333
94,163.9683333
118,128.8754333
190,160.9926667
143,152.6033
129,100.5961333
87,166.6844
108,128.6799667
192,191.6856333
166,183.9587667
148,135.9436
98,143.8362333
160,177.5850333
235,204.2138333
121,141.1381
60,151.4286
187,191.9817333
130,145.3686333
35,86.9871
181,232.0805667
220,185.7872667
159,117.4815667
171,186.4875333
133,162.5773333
27,186.8751667
95,149.124
161,188.4623
125,161.109
125,127.9418333
134,171.7507667
146,166.2396333
150,204.0282
160,114.0273667
136,124.9297667
112,187.7381667
82,175.0951
118,124.6702333
176,155.0026333
78,88.43333333
95,97.42636667
82,100.1037
111,140.4171333
188,112.2797333
131,109.2273667
124,121.9181333
191,110.7360667
89,105.9251667
178,171.9592667
60,70.36636667
129,92.9746
67,86.31566667
68,114.1983
74,120.4336667
110,123.2307333
169,146.6021
113,136.0213
151,101.8375
101,123.1129
141,173.8016333
94,108.5203333
95,138.7413333
89,88.89293333
145,72.0087
105,131.7118333
121,115.0587
52,95.46036667
90,84.4449
66,87.2012
77,104.0834667
96,101.8946667
160,164.5995667
93,85.39666667
207,73.595
110,120.4763
108,82.2238
214,88.31356667
155,131.5772667
66,96.06886667
165,156.112
93,93.1836
103,68.10863333
145,179.1173
201,134.9617333
263,225.0818333
112,114.3555333
111,101.3261667
26,148.3934333
174,146.5226333
99,127.0172
84,99.3434
136,127.7468333
172,128.1759667
145,88.12906667
27,66.29306667
61,104.1838333
126,133.2401667
124,106.2725333
48,76.33543333
106,96.56606667
67,96.30326667
88,100.0970667
37,94.16656667
92,121.2902
130,193.9172333
103,98.37473333
133,104.9355667
66,87.1407
26,68.09713333
144,139.5381
156,146.8448333
106,139.9605
27,84.29273333
62,70.883
101,106.3045667
22,102.3592
26,76.8402
80,124.6269
115,111.7607333
78,85.51713333
137,144.4777333
10,78.34926667
152,135.1383
239,189.3153
94,197.2884667
136,196.4340333
145,140.4528667
78,206.0827
54,265.0594333
34,88.401
62,66.7476
83,102.7747
80,104.7112333
27,61.4133
72,144.0439
111,103.4183667
121,195.6760333
176,156.2336333
57,135.4958667
85,86.0197
59,106.4942667
86,137.8047667
130,123.2468333
96,120.2282667
81,116.2548333
174,133.0593667
213,160.3298
74,133.0989333
259,150.04
91,146.2037667
53,74.40463333
90,85.7032
187,147.6863
144,148.7524
141,162.4791333
174,128.4682
60,79.0317
99,113.2977
78,90.48176667
115,114.8841333
50,73.18076667
131,139.742
70,110.8984667
84,119.4087
139,81.35213333
51,88.1785
64,146.7179667
95,86.83613333
65,116.3233
70,94.13896667
144,143.9359667
160,146.6674
166,169.2785333
194,127.3335667
88,162.4775
123,128.1323667
189,156.5469
110,161.3206333
57,86.85603333
89,186.0160667
127,102.6657667
113,180.7292
81,142.1315
66,163.2884667
149,149.4042333
122,115.4681333
191,132.8776333
36,155.5348
80,165.2410333
88,143.2432
66,114.668
163,155.3988667
130,142.3971667
151,163.4056
97,134.5254667
159,99.9597
159,107.0613667
78,111.0378
106,71.71366667
74,141.4105333
61,76.63336667
61,80.24733333
149,91.16296667
126,80.45856667
68,82.04646667
94,92.81046667
97,86.23866667
166,172.2653667
133,125.4542
46,61.60266667
64,108.6674
115,83.1135
61,78.1271
52,71.3616
121,85.91946667
33,73.09203333
49,99.46483333
98,78.634
74,119.2782
78,72.92573333
78,160.4326333
105,129.5008333
109,88.88873333
106,129.6706667
117,70.50356667
79,97.08016667
47,74.56096667
88,101.0058333
74,67.65873333
116,89.4993
136,116.4280667
84,99.12083333
69,55.2209
67,106.3343
57,90.25896667
89,119.6151
84,112.3744333
145,128.4064333
60,87.95366667
83,91.6112
42,171.3039667
69,150.1549667
84,125.0444667
55,69.44666667
126,101.4099333
123,88.50416667
100,137.6827
79,76.62373333
56,74.1511
132,106.2207
157,134.6896
89,99.88043333
46,82.5413
91,128.5735667
156,90.6043
232,134.3456
96,102.5414
86,156.3937667
64,87.13046667
51,128.4735667
66,87.20263333
49,77.7592
116,104.2365
169,161.4039
92,82.75523333
53,89.98376667
158,176.5568
137,69.0425
80,111.4509333
122,101.4408333
136,128.8836
141,84.91813333
111,142.7319667
107,145.632
49,81.91853333
85,142.9047333
62,69.779
109,125.0218
22,97.07273333
133,109.5422333
152,92.5466
97,79.04713333
101,106.6734333
118,135.6712667
71,103.6818333
93,115.7065333
186,137.8987667
30,87.43906667
84,88.29086667
84,128.6210667
177,206.5992
148,139.8829667
90,85.47666667
125,107.3092333
99,147.2687
96,121.1351
114,117.1634667
70,93.32096667
68,90.68633333
83,93.63373333
66,105.1594333
132,133.8538667
88,129.1871333
34,131.4066667
90,137.7875667
43,69.36003333
72,108.0051333
91,113.1702333
49,69.22413333
66,100.1156
151,120.0252
108,108.1585667
56,73.70053333
63,84.44986667
134,107.3371333
148,131.6197
137,96.5136
38,153.6094
151,148.7207
104,148.8830333
96,92.52543333
88,82.73436667
89,76.7447
222,88.4368
87,85.8251
67,140.6458667
80,114.0132667
152,103.0613
84,104.7553
62,93.00996667
138,124.1726
133,114.245
57,130.5534
95,90.2347
87,120.0738667
120,113.9459333
144,89.23776667
127,91.6439
54,100.4709
72,72.00043333
53,137.1873
123,165.4141333
119,109.3872333
114,95.87996667
120,105.6589
110,133.2171
101,125.3755333
117,134.0722333
109,147.8298
125,137.0235333
106,84.57363333
87,135.5398333
121,179.5200333
53,83.34943333
81,82.85416667
108,92.97
61,62.93373333
127,93.1178
101,73.009
132,133.9474333
131,90.0582
40,75.26196667
96,86.0563
103,101.1554333
80,79.93933333
158,156.7205667
207,86.50176667
77,83.2414
193,169.1036333
98,99.58826667
156,137.7333333
129,115.0469
18,93.5219
105,81.3172
141,137.5362333
146,157.7769
115,144.5681
63,61.73363333
28,75.22856667
121,82.45683333
102,113.7837333
135,121.0281333
130,121.2806333
83,95.91753333
52,73.02736667
40,90.03916667
153,93.67466667
48,61.95973333
138,86.25643333
81,71.2448
120,71.49446667
124,99.4269
110,105.3390667
68,69.53143333
95,75.8027
92,82.43893333
114,96.06296667
119,138.9622
112,74.85103333
98,121.6179667
117,108.685
109,123.6723
106,108.926
43,73.7281
142,129.0403333
108,131.8269667
207,133.1220333
121,136.8328667
95,97.05576667
109,84.5715
81,78.15203333
114,112.1856333
115,104.1403333
106,133.1334667
92,102.6677
36,68.79843333
107,114.3759
32,70.45073333
114,107.5732
92,79.9696
106,89.87363333
68,82.06543333
135,129.4188333
118,110.8676
128,124.9252
86,93.02886667
120,104.9287333
163,179.2618
132,104.2581333
72,97.0065
69,76.89103333
53,96.29766667
46,72.9707
27,72.94373333
67,76.86273333
123,117.6076333
41,100.7003333
66,70.46253333
131,104.1226
108,123.9339
95,111.1688333
99,107.7507667
54,61.3427
116,132.3482333
101,71.37826667
65,124.5054333
98,106.7753667
66,72.81486667
173,100.1858333
153,160.8283
51,152.8736667
104,65.13303333
31,70.61513333
21,50.43883333
62,79.09853333
107,122.5986667
77,64.17466667
53,71.86646667
80,81.56293333
130,99.76636667
56,71.7089
179,157.5255667
127,130.6931333
120,77.81293333
127,83.06783333
97,134.7362
105,136.4137
124,133.2464667
41,69.16573333
96,119.2623667
150,124.6996667
149,106.8448333
91,80.3663
61,69.76116667
75,73.73376667
123,111.1676667
51,80.3575
88,88.7346
63,83.5005
124,100.6999333
84,101.5479333
63,155.9667333
93,111.6856667
70,132.9171
105,87.50703333
65,81.32063333
151,122.8060667
157,166.5222667
93,132.2553667
59,63.37726667
97,116.4017667
84,135.8011
126,78.75476667
129,130.4093333
48,57.03283333
97,118.6178
137,122.864
33,99.91716667
37,92.19603333
72,86.95743333
106,85.28756667
86,103.0493667
54,89.67583333
188,138.9607333
73,134.4043667
67,82.038
58,56.16686667
79,101.7460333
116,87.89083333
94,115.6937
87,95.64393333
57,80.16606667
76,108.6355333
84,102.3992667
82,73.88736667
63,81.8649
85,59.98256667
93,84.9355
86,107.5362667
76,79.31206667
76,74.6487
113,84.75793333
69,76.3923
89,102.2827
53,53.36473333
75,85.86916667
90,113.0504
115,113.5632667
123,78.97113333
94,80.92326667
122,130.1293667
141,90.68593333
144,135.6858667
93,101.5579
34,82.50663333
109,85.26643333
50,80.0365
60,80.08393333
126,139.6029333
54,74.95736667
141,177.9404667
117,83.37506667
79,104.0559
189,235.7596333
55,76.36343333
42,71.03956667
91,83.95056667
136,153.3833
36,85.96156667
61,73.27666667
78,49.24796667
36,72.7487
78,74.83663333
35,67.4807
111,148.3288
45,72.9505
38,78.36536667
64,83.24616667
11,52.9649
85,97.14706667
155,147.0572
103,85.62
89,91.43616667
61,70.9045
72,74.4816
92,86.92643333
40,54.5236
48,94.8051
121,131.5969
118,125.8484
28,76.05956667
180,138.0723333
89,123.6941667
67,59.8579
67,60.83986667
86,85.46333333
86,65.20063333
117,90.90423333
40,73.47173333
91,105.9336
99,77.19796667
77,126.2318
86,94.3351
102,113.2625333
95,63.58523333
114,104.4429
69,75.91383333
96,111.6114
76,59.45073333
104,105.1215
93,115.1905667
122,70.62163333
82,101.5441333
90,96.38513333
88,123.6288667
105,110.7539667
49,89.68536667
47,87.65673333
77,80.75113333
44,93.9046
89,80.9635
82,77.10193333
60,69.8786
82,113.6892333
70,77.13363333
109,109.8659
115,128.1145
86,94.7118
109,82.95213333
66,64.426
111,124.2333
81,84.2679
114,164.4792
69,58.61633333
82,93.68526667
79,79.23633333
62,81.73136667
41,80.00246667
130,101.8839333
122,98.88423333
151,161.7413667
45,65.5297
105,136.8848667
115,121.3987
119,161.2172
95,176.1540667
98,130.9661333
84,78.7668
35,64.6053
79,106.6468
65,87.5038
93,74.24893333
55,124.9745
105,108.8171333
144,50.6882
69,72.81006667
122,94.71676667
99,87.94776667
89,77.71256667
88,58.71123333
78,95.1011
66,84.58726667
73,63.87686667
88,99.496
96,101.0696667
127,123.5356
117,117.3296667
123,127.7669333
80,77.5643
130,101.4382
130,107.9976
108,106.8133
78,68.60586667
134,110.4519
104,70.65066667
76,93.26406667
34,86.8534
66,68.06266667
105,113.1010333
97,74.68753333
73,73.0387
54,82.5902
140,129.8998667
113,103.5764333
64,107.8238667
126,109.4702667
66,76.18213333
52,63.93566667
106,87.44106667
56,86.64626667
109,92.25906667
103,107.1721667
118,132.2076333
77,82.56996667
130,110.9968333
95,87.1186
68,85.87176667
117,110.0952333
112,93.70843333
54,86.6143
70,96.31673333
107,76.24173333
171,68.63633333
74,80.62186667
81,75.54476667
90,69.70033333
132,73.86996667
88,108.8892333
82,83.39096667
135,100.6797333
128,132.4372667
100,109.8568333
113,110.8263667
120,130.3656333
67,98.08213333
47,70.41726667
103,131.4853667
81,91.294
76,101.0911667
122,122.2691667
136,109.5713667
63,79.32343333
63,73.52556667
107,108.9147
70,79.7195
39,61.17553333
43,48.66626667
58,77.35216667
48,68.77813333
127,157.2453667
102,117.8947333
160,181.9324
90,90.8376
42,76.85016667
101,102.3715333
86,133.9868667
92,111.9153333
75,100.5324333
38,119.389
81,122.6833
145,128.0860667
118,131.9584333
150,142.7564667
150,127.1017
95,107.0387333
151,146.5702
119,129.4534667
128,140.5069
117,129.5188667
203,139.5950333
129,148.7527
113,130.8945333
80,78.22683333
64,104.1604333
74,103.9334333
144,141.3605
101,129.34
166,133.0013333
100,111.6349667
181,166.7498333
105,109.1817333
122,125.1982333
142,146.3586667
142,125.5905667
161,75.87633333
118,110.7959667
82,83.10996667
123,140.4331333
128,159.338
200,167.3534
179,184.7205
177,186.8808333
169,138.7295667
151,154.2292
151,136.8613667
192,193.0135
121,103.8530667
121,103.0622
94,80.5396
204,227.0332333
178,141.9542
150,126.8542333
121,132.0114667
64,95.9934
113,122.8258667
168,153.3823667
181,200.0238667
183,174.6659667
182,180.0473333
149,169.0809667
174,174.2573
107,112.645
122,170.3626333
120,122.7806
173,194.5932
148,127.9438667
116,125.1767
115,128.2095
172,172.2877667
22,57.40796667
94,82.38286667
152,135.1284667
154,160.2871667
113,143.3724
156,161.6808667
234,140.4655667
120,148.9498333
129,138.3793667
157,174.1681667
191,178.7141333
168,148.5841333
150,147.7016333
78,66.49606667
66,98.2015
124,160.9764667
33,123.1486
122,97.97336667
229,241.8166667
113,149.6651333
206,167.9576333
163,168.167
147,144.0944333
171,192.6016667
171,191.4847667
184,154.9097
140,168.3989333
119,137.6902333
202,182.3012333
33,66.18153333
143,131.0340667
160,205.312
168,182.1266
188,183.0810667
191,183.3720667
194,147.9054
169,155.5525667
165,136.2294
127,125.0529333
100,120.7509333
135,138.0357667
119,135.3148333
161,160.7456667
63,102.8331333
174,161.9769667
91,127.4095333
197,183.0542333
111,130.0130333
185,133.8386667
128,160.0731667
142,151.2692
224,232.4190667
199,172.4284
141,149.8436667
114,109.0935
143,158.4415333
14,104.9434667
242,202.3586333
111,157.4687667
154,129.8498667
168,196.1913667
135,148.8330333
58,94.83606667
112,87.0849
128,136.2153
110,134.2583333
187,180.2288333
216,185.5559
154,148.8287
157,169.8718667
225,186.8033667
137,124.9747333
140,139.3138333
234,154.9284
195,192.1802333
139,142.2509667
297,252.2849333
228,220.2642333
135,132.3278
253,167.0498667
161,149.5640333
127,152.4310667
179,199.3737667
192,156.2643
127,135.1882
133,159.0185333
216,190.7537
145,123.4459
125,136.5208
187,169.4609667
124,152.0790333
145,173.1612667
164,215.9201
108,130.9691667
267,185.2176
149,128.858
232,193.6518333
204,182.4298667
229,174.8224
239,234.6937667
159,171.1703
94,104.1810667
166,161.7884
184,184.8352
186,173.4135667
181,178.8309
83,138.0123667
254,237.8771667
207,191.4551333
196,168.7764
87,204.0585667
107,147.8601333
178,180.0304
106,94.48426667
233,234.0406
158,198.4852333
139,200.4263667
226,152.0798333
177,104.7184
69,80.64863333
18,40.69813333
276,158.7921667
202,196.6297667
222,197.725
205,176.1591667
227,170.0058333
284,241.4573333
177,181.6466667
187,185.5655667
137,139.4616667
242,220.6206333
117,78.14883333
220,204.8959333
85,129.3527333
80,150.7686333
29,72.90943333
193,187.4209
27,153.3357
201,206.2023667
216,186.0043
210,194.7761667
222,169.9402667
220,201.9408667
259,210.0155333
153,192.3139667
161,150.4136667
200,134.58
78,119.0846333
132,110.9753
206,196.7570333
167,162.1407
130,146.0932667
149,142.4744667
126,151.1049667
123,144.7104667
139,186.7288
154,188.2650667
27,193.3348667
132,137.2384333
116,81.37276667
164,160.1819667
140,149.1786333
137,176.4738
140,152.5440667
151,156.9112667
157,181.3725667
139,157.8163667
104,139.7681
176,157.0918333
96,80.87206667
140,164.9146333
152,157.7491667
176,218.5555667
203,199.5299
181,172.0896667
218,123.7279333
198,154.3964333
150,167.1958
161,164.8653333
93,152.2171333
109,155.9191
223,189.5652
184,204.1455
171,147.3208
81,55.942
25,105.1860333
190,168.9702333
44,145.4733
128,180.0488333
155,125.8753333
203,123.7610667
56,125.5820667
171,188.4638333
51,97.66203333
121,107.0312667
101,84.69253333
162,120.1591333
95,68.91366667
140,145.4866
184,142.9843
131,111.1465333
194,189.2475333
147,144.4717667
201,197.6968333
115,126.7044
254,210.7109
148,166.3328667
198,128.9468667
219,177.2661667
179,187.0341667
150,162.9353667
133,150.2668667
161,139.2391333
174,229.7917
274,193.3735
243,216.0034667
303,259.1616667
224,186.6895
205,183.4872333
129,133.6016667
198,196.6881
209,176.0703333
159,177.8694
257,196.9755333
173,148.7556
144,188.7791667
213,175.1263667
102,128.7730667
239,239.2753667
190,202.2259333
26,56.86113333
194,174.2812
177,117.8536333
32,56.48603333
37,70.96986667
189,137.9156667
180,154.9102333
211,143.2326333
159,209.2181333
227,231.3726667
238,204.2556
135,124.2792667
139,101.2585
196,169.3457
85,104.6389
219,255.2306667
148,147.8938667
106,140.6728
133,122.6910333
163,155.5998
75,81.76886667
128,106.8405667
194,168.3808667
188,186.2108667
243,235.7985
129,144.5967333
161,145.4146333
93,118.6229
75,138.7032667
160,160.1537333
74,86.32736667
89,147.7708333
53,129.2976
131,175.7702
68,86.41776667
72,91.9439
198,147.7885
179,189.8804333
37,65.84423333
192,86.0719
86,112.1724
122,114.9418667
131,128.4922333
120,130.6985333
129,107.4568333
113,98.23613333
136,181.5466333
77,46.9764
170,187.7303
126,152.9974
241,170.6864
182,148.5341
199,183.8022333
95,101.3157333
136,138.9226333
120,146.1851
100,108.7636
124,131.1877333
176,211.9180667
156,152.0225667
97,175.9778333
135,114.0979
82,98.77126667
88,78.40723333
83,91.29393333
80,72.95306667
169,129.6355
91,79.9209
67,103.9467
90,83.94476667
119,134.7015333
88,83.03316667
115,76.5898
100,83.54726667
166,144.0282
39,90.07566667
132,199.1967667
136,135.9792667
105,116.7973
179,142.0852333
55,96.656
50,70.84846667
141,141.1681
67,146.1595
76,91.36813333
107,125.9924667
162,147.0520333
90,74.72853333
115,124.3962
158,149.0765667
148,141.9972667
177,147.0136
115,105.2791667
97,110.5380333
90,85.10083333
98,80.40516667
136,105.329
136,184.7649667
131,91.40613333
133,143.5043667
139,133.4736
125,154.4505667
113,128.3912
160,199.5090333
51,76.45676667
69,79.48243333
47,89.35473333
90,112.4901667
80,116.4816333
163,153.4602667
129,129.2081667
146,165.2323667
151,133.8466
100,114.6551667
120,88.7631
38,79.7588
78,70.37186667
69,100.8283
95,80.48426667
59,81.6913
24,75.27093333
23,141.0573667
176,103.6582667
181,184.5138333
184,111.8265
205,216.0475333
76,198.0055333
168,212.4675
54,87.83033333
75,69.7858
77,72.74116667
107,91.9983
107,103.1506667
68,87.6283
85,65.77013333
134,110.3357667
112,144.3278667
113,97.31323333
73,111.4035333
31,52.6848
60,52.59173333
96,128.4376667
89,68.97003333
88,130.4081333
57,107.7682
76,103.9557333
82,108.0141333
144,108.0926667
134,111.7334667
65,93.07996667
53,56.61546667
87,97.80733333
124,158.8505333
106,133.0903667
136,159.1766667
84,105.7139
97,90.87406667
47,57.8906
68,96.6331
112,133.9437667
129,110.5339333
137,156.1543
97,140.1445667
141,171.6621667
102,114.4829
189,158.2675
179,191.1802
94,124.479
82,92.53496667
142,144.3017333
174,174.2709
92,98.48136667
95,71.2458
151,134.0389333
115,117.8259667
50,71.2104
144,134.2335333
90,71.63113333
130,141.1637667
138,152.2161667
84,115.0629667
103,142.3404
129,134.7079667
132,126.7016333
153,152.4708333
88,87.4175
96,108.0527667
172,167.4944667
165,119.6600333
112,118.2145667
37,76.42586667
124,94.9027
78,61.6618
110,135.3100333
136,162.2741333
119,138.0555667
87,83.30823333
60,65.79646667
168,132.1979667
156,88.06026667
71,52.86796667
91,78.8859
93,90.21056667
127,96.61143333
23,75.3364
145,76.05743333
22,49.22106667
122,71.33636667
168,106.5069667
141,82.56846667
19,65.57076667
85,61.2017
47,77.3984
125,127.5849
165,84.7822
26,107.6052
62,103.8091
123,112.0258667
91,85.10976667
118,103.2503
100,67.2729
23,82.7051
26,62.9414
112,105.2638
189,169.9641
35,87.02903333
89,97.45023333
128,98.16903333
81,104.5809
65,90.10616667
111,80.7439
77,72.5595
96,110.2703333
54,81.27063333
41,77.14826667
71,98.96123333
83,92.6922
157,145.3731
81,92.3597
97,89.2564
126,164.4577
95,103.1830333
129,119.4125
121,87.62076667
175,111.7888667
101,73.55086667
106,105.7391
116,132.3245333
71,108.3565667
114,128.6829333
123,85.18693333
62,64.19383333
87,134.2873333
93,117.1486333
101,106.9033333
135,148.8594667
36,72.55873333
106,130.8990333
153,167.5088667
135,95.44106667
96,120.5175
103,117.4752333
35,66.04646667
98,107.2844333
52,45.5012
141,160.9231667
167,156.5328667
111,57.63563333
39,69.25953333
151,112.3953
63,66.83416667
125,143.0151667
77,116.5235333
78,85.23136667
160,149.7669667
147,152.0176667
110,127.1152667
28,62.6006
106,96.63756667
56,49.0715
169,136.7193333
88,108.1508333
104,104.5666667
116,117.5091667
230,218.6167
102,90.13933333
139,158.1053
75,104.7579333
177,181.2471667
137,88.607
41,109.9715333
142,152.4004667
156,134.1001667
81,74.49963333
86,72.96793333
115,108.1598667
81,62.5677
92,108.1657
173,192.9657
128,103.3522333
76,169.0809
171,148.2409667
119,177.6347
92,100.7722667
33,110.8674667
83,106.0806333
89,53.658
98,87.08726667
60,91.49076667
126,86.72583333
97,94.1076
40,89.071
158,153.7241667
96,109.1782
113,133.2115
141,122.2774667
142,114.3640333
194,150.5213333
90,142.8946
136,123.8847667
113,83.66433333
35,113.6133333
95,108.2816333
118,137.6553667
82,73.39266667
18,83.67466667
17,58.9745
114,116.3842667
245,145.2851667
88,87.94476667
89,129.5258333
237,171.7795333
116,116.1677
92,121.4172
144,149.5332
106,106.8886
8,116.9979667
95,115.2077333
86,89.1807
74,82.44546667
34,73.92503333
146,136.2186333
119,142.7833667
143,108.2753667
110,89.61086667
86,105.4179667
131,175.6441333
103,129.7902667
97,72.6341
161,93.1442
101,93.92113333
61,84.03073333
67,77.38336667
85,84.04913333
75,77.95536667
33,78.937
66,71.7126
70,92.08206667
33,93.52863333
84,103.9743667
81,95.50406667
105,125.4568333
55,68.438
108,80.0017
123,136.8258
111,89.3744
30,60.8708
49,69.7386
80,68.96853333
47,83.90853333
73,102.973
93,89.9181
62,116.9048333
41,87.71813333
175,168.1212667
74,82.32166667
51,67.1015
129,63.39603333
60,83.6423
42,92.7044
19,108.5328667
54,102.8164
106,105.6152333
67,126.9403
91,73.71703333
74,69.26686667
68,91.11543333
59,90.2173
51,69.85776667
85,84.92
48,161.5431667
39,66.65946667
70,95.56926667
38,83.58946667
60,72.65153333
45,59.55776667
40,63.84686667
59,82.0125
51,92.0256
130,88.68746667
103,123.2110667
120,129.3168333
135,65.47746667
85,99.03736667
77,72.52843333
54,66.75123333
46,59.09816667
39,86.8707
113,74.52153333
54,70.72363333
83,85.37316667
69,78.38796667
55,92.7736
60,84.9198
67,83.08486667
31,74.2868
66,73.41216667
75,80.14726667
61,68.12853333
79,47.2487
53,80.78363333
65,70.8969
110,130.8170333
72,106.4203667
95,103.6683
108,112.6064
59,96.48773333
10,59.13643333
35,69.35026667
77,113.8686
42,87.2497
64,76.66353333
46,64.81486667
65,91.66776667
33,52.51506667
67,73.5621
28,81.40573333
69,65.06943333
82,65.534
77,119.6284333
204,71.78313333
35,66.6396
60,64.5232
57,82.766
76,77.78086667
45,81.9009
78,97.15923333
204,148.2597
71,80.0376
41,71.32546667
66,85.83986667
53,76.76896667
58,77.84883333
48,66.59343333
53,68.37143333
66,69.78606667
45,77.1853
124,138.5608
62,88.6047
14,54.48376667
77,84.88106667
74,86.93356667
80,83.4134
76,82.76386667
47,78.3219
66,83.56596667
88,90.6108
60,78.7069
59,67.75873333
91,100.9917667
52,53.1044
36,71.43603333
87,128.965
144,107.7973333
142,116.6596333
118,94.24
136,125.7579
72,79.35633333
106,133.3474333
67,78.0603
76,92.4801
34,123.7764
48,98.8737
156,128.0153333
67,73.467
72,90.55753333
92,66.97863333
56,66.17433333
36,88.11546667
33,83.20816667
51,57.95316667
97,70.5791
84,106.7982
126,86.80606667
78,84.56913333
29,71.7813
52,85.8501
42,82.13253333
32,66.88386667
137,61.347
58,80.4782
46,75.26663333
186,48.1944
29,64.4771
31,80.62576667
84,77.8706
100,85.0735
83,96.70883333
70,72.51913333
146,140.9418
66,93.2402
90,99.24456667
81,94.73396667
30,67.86703333
28,70.83906667
174,83.10163333
37,64.431
77,96.55003333
103,76.04133333
82,84.70676667
51,69.3537
58,80.62826667
74,71.56296667
48,78.44586667
69,92.00456667
89,82.31693333
94,109.8743
63,88.6579
105,98.69793333
75,94.079
37,76.79283333
59,87.44893333
108,91.58876667
40,79.80016667
15,60.83956667
77,79.6029
61,79.60036667
45,82.77066667
34,78.72746667
46,67.51606667
40,77.0017
92,129.1897333
65,112.0378333
80,90.7357
41,73.20553333
73,76.8088
54,88.63566667
74,76.91106667
67,58.07596667
39,61.61823333
69,85.7363
102,93.46546667
77,87.4076
76,92.6205
148,116.2503333
73,88.42776667
92,99.1749
56,83.01256667
69,81.5042
129,148.2967667
134,83.988
17,74.742
46,83.25113333
45,96.17183333
41,56.12506667
67,71.98233333
81,97.70486667
62,70.86506667
60,70.71163333
76,82.56346667
67,72.54316667
32,153.7945333
130,130.5475667
67,71.10516667
72,72.1111
50,83.37296667
35,74.78186667
143,91.81016667
54,74.39843333
65,82.6446
87,107.2939667
44,68.5765
119,70.50613333
88,78.06863333
76,94.86593333
77,94.4463
78,71.74303333
107,109.3068
76,91.22946667
145,173.4194
66,77.71576667
74,92.57356667
93,78.9209
148,117.8266667
23,73.41406667
96,77.65133333
69,88.54756667
71,97.19783333
86,79.52886667
116,129.8867
109,83.0641
34,88.10893333
40,53.7865
70,66.1752
53,71.33393333
113,78.34983333
37,87.60373333
62,90.4044
73,85.12863333
59,72.46176667
37,91.31323333
109,56.37016667
22,69.10663333
65,82.00803333
76,65.65846667
66,83.02883333
117,66.33013333
66,60.6592
69,74.09586667
12,70.67653333
36,87.27273333
121,85.9558
46,66.91153333
55,59.0098
75,84.07363333
103,137.7757333
97,102.2132
48,75.2901
124,104.7199333
70,73.06776667
42,47.6241
75,88.13373333
23,81.52256667
111,128.9666333
105,54.74373333
87,77.57306667
19,83.28893333
103,110.0896333
78,77.42653333
38,72.26303333
129,90.97813333
42,68.49966667
38,57.73423333
57,74.17373333
50,73.95953333
79,95.5322
44,62.93646667
96,113.4479
154,145.8513667
35,50.67013333
63,74.0801
42,83.88696667
79,69.81226667
44,70.06973333
57,59.1313
87,93.47916667
50,72.4883
109,96.2654
99,77.8727
113,76.20743333
71,104.0781667
32,66.98593333
47,80.9551
90,69.15713333
49,70.8168
75,99.0808
56,96.31453333
67,80.65946667
40,86.7532
39,78.5588
38,44.15986667
49,81.14806667
46,55.83433333
35,77.172
50,53.4837
43,65.3831
27,78.3618
55,106.0578333
84,100.7673
76,82.22383333
76,89.32356667
66,72.72846667
116,108.4192
82,88.67656667
74,96.94056667
62,73.1965
49,55.31066667
85,82.07476667
47,47.09136667
66,78.11256667
41,54.04406667
88,98.94433333
64,79.7381
60,67.35863333
19,133.8855667
139,97.21066667
117,113.1647333
121,78.29093333
35,67.9457
129,76.57013333
106,118.9640667
66,87.2451
132,72.14783333
53,81.53513333
130,83.5679
128,128.4364667
76,94.30613333
48,80.27863333
23,41.4826
38,75.5232
103,72.31983333
146,157.7529333
80,102.2323333
52,74.89786667
109,86.96166667
45,68.10176667
28,83.13423333
102,94.97953333
55,64.46356667
55,101.9985
56,117.9924667
39,54.8579
62,78.86
99,79.24613333
32,59.74236667
68,63.52466667
36,69.88223333
69,62.05516667
53,93.69436667
77,79.9594
87,100.0071667
73,107.0209333
83,59.91513333
67,65.87006667
118,77.0249
56,71.3784
48,97.76246667
65,72.48913333
135,133.0912
151,142.4049667
91,72.1032
59,81.03766667
111,132.6687
139,120.6269
136,130.7093333
57,69.39943333
92,74.29186667
56,74.91623333
67,89.2112
49,105.9390667
103,94.9118
118,109.7265333
94,90.95663333
105,86.60743333
126,91.2899
45,67.38006667
119,83.04326667
82,84.58273333
101,101.0500667
110,70.6905
100,101.8634667
71,86.21116667
65,70.9047
99,83.4421
56,71.73523333
83,95.59896667
40,75.9566
111,91.21643333
37,67.95616667
75,64.62843333
100,86.93686667
50,79.05056667
96,104.9392
125,87.004
120,126.581
79,91.4328
93,85.82776667
62,75.9347
64,69.07856667
62,87.29183333
50,68.94406667
71,79.0575
84,77.7479
125,99.67276667
47,82.85
131,163.3285
58,54.13166667
98,89.8992
56,69.1004
82,79.57583333
90,101.8370667
124,133.7992
35,68.0849
106,101.1515667
93,104.1493
157,149.1520667
38,83.44203333
83,98.5786
55,65.0626
106,110.7379333
126,75.04613333
40,65.3546
55,90.28493333
98,90.89896667
66,79.86193333
39,66.2493
34,70.83796667
51,84.0029
71,90.89653333
155,138.7112
76,86.23293333
80,82.3512
49,63.23203333
62,81.1479
64,75.72956667
44,66.65826667
48,52.3052
64,100.0554667
81,77.96323333
96,79.3313
41,55.04673333
50,58.88383333
142,137.1229667
120,116.0642333
104,126.3246333
35,76.487
99,76.39673333
73,96.96013333
45,67.6615
97,109.8752667
124,118.4446667
46,79.89103333
94,100.8724
74,85.64153333
45,49.76533333
34,86.9482
128,89.82106667
45,71.76056667
123,119.5322333
57,63.23976667
59,67.33086667
59,83.41456667
73,89.8809
125,74.42503333
52,65.2603
38,85.45656667
65,65.46753333
87,84.2388
85,95.01836667
41,56.3824
175,163.0894667
57,69.87116667
51,95.22343333
58,77.63486667
54,134.6845
60,82.45916667
48,82.93603333
44,56.00203333
39,74.73013333
62,67.84013333
40,109.6178
92,83.19613333
89,93.69936667
50,97.87063333
56,66.69743333
44,77.75036667
50,57.06523333
38,71.2158
50,69.88663333
33,100.7084667
78,82.1943
65,81.1591
58,89.19356667
105,73.16
50,80.7196
48,148.4912
150,109.0602667
128,132.8967667
146,144.9594333
144,73.80863333
72,69.3436
81,73.40223333
146,150.9589
78,86.21626667
168,185.5315
120,133.1187333
146,178.0091
134,155.7246667
20,68.5716
146,167.5147667
115,109.7993
109,91.0777
46,95.1878
130,110.3155667
166,139.0521667
200,116.2939
219,170.4168333
188,108.4902
122,107.4517
151,138.4665
177,179.7797667
197,187.2903
169,151.7795667
123,151.6755
144,91.8118
221,198.3424667
129,83.9451
218,168.5858333
141,153.4254667
177,184.4899333
170,178.7052333
149,162.5053333
55,103.1535
59,79.67353333
182,185.8788
94,121.7571333
118,147.4321667
261,220.0751333
224,212.8083333
199,181.6023333
96,114.2150333
50,163.2563667
126,117.1190333
97,101.1517667
86,88.27046667
171,152.7837333
135,223.8991
139,141.6674333
180,185.333
33,86.0744
57,90.28516667
98,101.5861
211,205.0585333
89,121.6129
156,154.9147
195,178.5173667
57,69.32953333
278,212.9739333
213,140.6609
187,146.6258667
144,168.7705667
207,188.6385
88,94.92856667
248,221.0176333
290,196.049
186,203.2472667
214,161.9692333
87,123.8058667
228,194.3152667
218,208.3716
97,157.8974
258,216.7095
184,177.0235333
223,178.9260333
88,112.4907333
217,183.3796667
175,145.2231667
28,223.8595667
192,157.5187333
179,193.9119333
124,138.9784667
175,137.5595333
191,156.8715667
197,176.9382333
145,165.1087667
26,65.00643333
226,156.0352667
109,105.6307333
178,152.3384
213,185.193
58,186.8918333
69,107.0300667
162,154.6822
98,97.90696667
196,204.1144667
103,96.58966667
68,59.09446667
159,127.0547333
267,217.7095
145,135.7014
137,138.9021
150,105.3380333
113,140.6396
177,171.8443
157,162.8696333
133,139.3351667
184,156.3665333
80,74.7451
24,56.18686667
138,144.5726
159,160.8146667
211,162.7459
118,52.68463333
197,163.1225333
152,154.6961
189,174.7727667
202,178.8133333
106,129.2716
178,108.0458333
109,73.78453333
139,139.4078333
149,144.9605667
142,124.6137667
166,135.7004667
177,186.3282333
98,75.0049
133,135.1720333
93,79.6964
132,144.8169
167,164.1841
141,147.8899
69,112.4342667
133,105.9692667
91,125.8495667
44,58.56146667
179,112.1058667
96,109.5230333
172,156.4001
143,83.51423333
129,123.9996333
187,173.1486
164,148.2013667
167,187.6752
152,87.65786667
180,167.7809333
92,75.30356667
147,152.9163333
238,138.7751667
101,110.7289
99,102.6129
144,134.2671
81,116.6134333
160,157.7721667
114,130.0425333
117,177.6246
130,136.2017667
139,139.0832667
158,150.2539667
70,90.2636
145,119.4509667
127,150.2283333
171,69.8109
31,54.54363333
111,71.03963333
107,89.9223
160,127.3176333
115,112.812
154,158.6689667
103,60.45673333
131,132.4453
171,89.8851
169,152.5202
133,128.2496333
103,104.0478333
126,96.4092
103,127.2884667
165,107.2373
141,147.6954
204,176.6647333
105,92.53676667
80,97.2594
113,87.31836667
204,87.90673333
184,122.6093667
200,193.2406
159,100.9096
178,125.3393333
209,171.3418667
173,131.2638667
149,142.6859
150,129.6457667
191,174.5910667
143,130.0324333
167,137.265
42,83.06186667
69,66.46536667
219,170.5486
187,184.0832333
160,136.3352667
137,151.7415
194,154.9911667
175,178.5237
152,141.3514667
264,210.8346333
156,134.4687
42,64.64586667
106,134.9034333
176,196.1367667
38,84.52713333
31,113.1321667
117,100.8033667
133,116.3697667
74,97.40403333
222,149.3311333
74,88.03356667
45,197.6687667
172,143.7541667
88,129.7036333
263,243.4342667
141,156.0977
174,151.9484333
184,167.3957333
174,97.53563333
134,129.4106333
87,113.8251
220,157.1487
177,142.9394667
145,139.7065667
98,159.0879333
88,134.8011333
52,63.2409
26,83.95336667
43,124.1572
44,132.5194
262,173.6577333
141,96.03693333
91,82.8197
123,122.9697667
124,127.4742333
170,182.4899
183,118.4301667
161,156.1857
218,208.1416
140,183.3535
176,106.2510333
263,146.3753667
181,128.4811333
128,82.7013
146,122.3681333
178,186.3467333
125,136.2822
139,114.3569333
168,128.1032667
133,90.07603333
173,120.3551
119,68.0876
181,144.9665667
237,200.1406667
174,221.9378667
106,185.7038667
215,156.626
88,118.0348333
123,155.6994333
185,233.9815333
163,189.9683667
89,236.5844667
177,214.9548667
145,184.6386
127,187.1710667
162,203.9498333
152,177.0286
145,246.4345333
146,225.6222333
208,194.4871
164,180.3061
142,193.9364
83,137.4605667
83,131.7919
200,262.3451
167,186.6038
101,133.2108667
161,175.1066667
141,152.3906333
127,165.5026333
129,176.2176667
130,148.7068667
173,239.2763
109,201.2721333
127,153.7905667
168,163.9473
196,208.6705
128,223.3124
220,199.0020667
119,160.9974333
130,177.6295667
154,197.2364667
115,116.1448
133,179.6867333
108,127.9094
143,145.5771
112,225.5307333
111,148.5173667
175,197.6059
170,165.6894667
161,213.5170667
136,226.0753667
145,181.6165667
88,149.1916333
155,165.1255
124,154.2090667
159,202.1052667
140,160.6770333
117,144.159
128,145.7535667
75,81.5966
83,120.8231
7,96.01126667
125,121.8516
105,122.0421333
185,173.8249667
174,138.6085333
211,177.4562333
157,167.57
61,204.4488333
178,147.8207333
180,172.7229667
197,180.2076333
239,245.0214333
124,152.8287333
114,146.3367333
186,177.1389
183,137.1770333
191,207.1320333
205,185.8039333
219,193.7479667
193,198.6007
188,172.6581667
182,190.3692
239,246.7486
119,122.1048333
191,195.8367667
27,212.2062
157,181.7175333
225,221.1582
191,165.0842667
152,166.7214
220,218.6276667
147,222.1024
202,195.5795333
140,111.4232333
94,136.7487333
112,120.4406667
166,139.6621667
162,179.6637333
140,56.93543333
233,200.9436333
232,224.9992333
122,146.1093
191,132.3954
188,120.7673
202,206.5329
115,84.14556667
172,211.0488333
158,158.2480333
139,134.3529333
135,137.5222667
186,143.4931333
197,162.6549333
188,241.3258667
211,274.5455333
151,161.7845333
157,151.6119667
182,183.8072333
159,129.5416333
143,153.2778667
175,183.3617333
225,264.6242
195,203.8588667
177,177.4962667
183,172.9098333
133,172.2727
101,143.3177667
49,132.3267333
171,177.0323333
238,182.5199667
174,157.6589667
204,239.0448667
204,182.5791333
226,221.4108667
162,153.1914
180,186.0099
166,141.1392667
150,150.8982667
159,141.6497
184,182.2299333
157,187.9105
170,179.4799333
176,162.8170667
190,147.6195667
96,135.699
151,148.4569
209,201.8996333
182,175.2858667
215,235.6426333
277,237.0539333
202,177.9854667
196,178.1279333
83,74.92923333
201,180.8744333
221,192.1887
138,148.6583667
185,121.752
204,165.586
180,151.9987
169,177.6096333
66,83.23056667
233,217.0880667
156,189.5711
205,178.0186
165,163.0541
185,159.5025
240,147.1179333
178,162.0233333
159,190.1778333
138,131.6308333
149,143.3475333
150,152.5504667
157,197.4387667
172,186.0712333
219,203.1330333
153,120.5231333
221,188.2365333
122,122.2254
162,184.7596
179,170.2395333
206,189.8145333
171,190.2347
105,133.0505
71,116.5899333
200,234.0730333
160,189.7335
253,208.0502
191,168.0934333
218,197.7586333
167,151.6341
115,146.0051
86,112.7444667
90,109.2635667
130,152.9412
181,153.4842667
187,169.8796333
168,182.4490667
31,80.913
112,113.7829667
96,128.9264333
169,172.7203667
77,94.75763333
112,139.3392667
104,129.6599
48,77.40603333
88,81.5192
92,131.8355667
84,108.0692
57,152.8176667
80,122.0433667
142,188.1345667
51,90.07906667
67,103.8265667
64,108.7662333
53,90.41823333
118,93.6162
119,101.1460333
65,71.05303333
149,153.7326
77,105.0585667
87,144.7476333
77,133.5711
93,99.95093333
156,114.04
102,108.7472667
143,148.73
66,75.6398
96,103.5761
69,141.6799
84,74.8986
53,71.77573333
94,101.3053333
109,118.8539
94,118.7716
108,123.3723
74,109.2899
24,152.1709
15,96.3266
90,133.8126
40,97.36516667
80,89.45676667
123,131.3007333
101,119.8982333
138,154.4333
49,86.93286667
86,96.79773333
124,118.2913333
105,126.9572667
60,119.8048667
182,170.6793
138,185.802
52,112.5495333
160,132.5129667
123,129.4472
49,69.29473333
45,151.3579
157,181.1395333
111,125.5544333
41,69.2476
55,54.11166667
53,79.5114
93,135.0067
159,130.7347333
115,132.7130667
201,156.9656333
127,156.7561
135,113.0089
93,125.5132333
92,103.8701333
78,113.5016
30,67.6197
59,91.95816667
84,140.4597667
49,65.75426667
181,161.967
131,109.9677333
217,138.1065333
128,134.7120667
127,137.5616
263,182.3330667
178,166.1874333
114,117.8799
221,167.9498
157,133.7775
139,184.8310667
142,156.2723333
130,138.0432333
132,98.40763333
148,138.1996667
149,139.3752333
136,142.6372333
80,125.4649
166,188.0225333
114,137.6136333
129,99.2169
96,81.2921
214,163.5825
87,77.76993333
87,98.70896667
105,131.8679
142,98.6715
126,116.1709
177,146.4675333
171,177.4066333
202,160.4816
142,138.6869667
177,141.2122333
230,188.8992
143,125.1933333
209,163.3688667
179,149.939
178,141.7825667
166,148.9927333
112,82.56403333
131,114.1052667
96,83.45793333
169,132.5437
176,167.8578667
144,141.2372667
83,85.24376667
212,175.268
143,96.403
133,190.82
125,88.51173333
82,112.5348333
180,108.5326667
186,159.6341667
212,123.8891667
155,143.0976667
149,155.9928
96,101.9778333
137,125.0894
155,123.3600667
174,67.9262
81,113.892
26,58.31213333
149,88.32973333
139,122.4917
155,113.5347667
226,176.3872333
76,156.7450333
163,112.9589
208,168.539
46,59.72003333
139,140.4645
124,142.1008667
147,145.2800667
138,227.0818
197,137.2284667
103,139.6280667
135,118.6399667
241,232.1013667
174,152.2938333
148,113.3061
141,163.6824
208,173.8454333
160,177.2920333
186,148.8408333
25,132.2976
52,138.0276333
162,160.6895667
162,99.7243
165,162.9031333
152,137.8812
122,109.7888667
49,108.9220667
76,138.9509667
54,91.3142
198,181.7120667
116,158.111
165,178.4919
129,105.6298
190,140.9035
123,133.6556333
93,128.5173333
66,66.2893
141,125.5482333
84,146.5957667
170,201.9687333
154,131.0739333
239,155.3287667
23,54.7017
67,86.18443333
121,73.63476667
120,126.1517
63,116.9887667
114,119.4728333
95,85.0857
13,77.29376667
98,89.3769
53,84.24223333
101,104.8543
142,71.16353333
120,97.81673333
69,96.20466667
51,88.7109
122,89.52066667
73,74.6529
113,70.74813333
134,66.5135
50,82.98383333
60,79.56633333
53,42.82223333
46,53.59066667
50,71.94953333
43,85.45713333
104,81.25803333
121,102.1408333
96,87.8539
71,60.6461
89,75.90196667
146,83.68716667
167,135.6705333
48,79.0298
112,84.43693333
28,110.7271667
102,107.4504333
22,70.5666
17,105.3131667
84,83.30583333
51,90.0464
83,56.00863333
78,50.26676667
78,75.45393333
155,169.7489667
104,124.5441333
98,108.7970667
60,85.08656667
20,80.93123333
28,74.9714
34,56.45123333
60,71.5271
44,82.82196667
19,80.7798
19,80.1569
63,95.53706667
106,82.7024
59,67.24233333
80,96.30936667
54,58.769
9,107.7233
29,55.59953333
56,80.29853333
108,68.2814
154,101.5821
121,79.72586667
88,68.63913333
143,127.2518667
119,67.1829
182,83.93373333
120,107.5442333
188,86.7186
119,86.11536667
100,71.1748
95,74.08783333
40,79.88
139,83.26426667
82,83.93493333
120,121.9166667
46,61.12903333
114,86.89246667
95,78.70513333
83,74.87256667
96,83.39583333
126,103.5369667
87,73.7319
73,63.0682
68,101.5412333
101,90.82336667
128,89.8517
88,86.643
76,79.35556667
114,108.6108333
73,87.73403333
115,114.1616333
68,80.71546667
93,85.82726667
108,97.30006667
76,86.6447
102,114.7513333
95,71.39786667
98,78.03116667
30,58.07633333
44,55.91216667
48,81.357
59,88.61373333
45,73.2274
157,131.1103333
67,82.7039
96,98.0127
92,82.49483333
63,79.02853333
148,95.99476667
56,73.12616667
59,83.30656667
92,73.12433333
88,68.24513333
60,84.81686667
61,75.6086
116,84.86276667
47,56.8699
91,92.48166667
78,87.21656667
63,66.2626
141,67.70753333
83,119.3975333
67,69.38853333
89,83.49286667
42,79.45746667
56,89.0817
154,130.3295667
46,86.40086667
73,62.03906667
69,82.04573333
82,72.56246667
130,70.66346667
91,74.38076667
100,85.96743333
131,107.6323667
108,74.9812
93,72.97743333
135,84.5302
101,106.2109
132,115.6464
92,76.89536667
75,96.36103333
141,131.3561
158,106.9371
80,77.1416
104,94.4899
123,114.3569333
135,77.76396667
47,84.47803333
54,82.6409
100,93.36893333
105,85.89323333
135,88.69696667
88,90.18906667
130,125.0008
110,119.1164333
53,71.72353333
56,66.25103333
105,69.47293333
145,131.9085667
89,101.8757
72,59.44393333
137,137.9339333
55,66.41266667
80,77.506
86,75.7052
133,77.6893
39,74.99143333
111,74.8108
82,56.15226667
42,62.20503333
27,69.57556667
90,87.28206667
133,116.9461
110,76.2617
105,96.08066667
30,122.5032667
69,89.03183333
77,104.7816
64,66.5428
81,72.61903333
84,83.18106667
48,84.98373333
60,85.58596667
63,73.11913333
54,70.50323333
65,64.01086667
114,101.1490667
87,81.5337
109,102.1505
91,91.7708
72,76.54096667
91,88.73476667
96,74.52783333
20,72.52276667
88,94.4053
97,82.87583333
60,53.64773333
96,98.77153333
65,82.80196667
85,74.16913333
65,75.22683333
79,115.4710667
69,74.02176667
98,107.9109667
139,80.40173333
97,100.3016667
61,54.4635
72,71.2204
68,78.07146667
72,71.45936667
16,76.20353333
128,80.2379
94,103.1067
94,92.52996667
95,93.98006667
130,100.2655667
127,120.9405667
97,102.7014333
104,62.11263333
112,90.9154
124,93.6825
104,100.7406667
91,100.9225
103,113.6541
68,69.75913333
96,85.52956667
91,85.3611
85,83.62716667
85,108.3632333
111,149.8776333
88,176.9349667
141,155.9037667
226,237.9
183,189.2678
185,182.1173
88,126.9996
64,130.1844
83,136.4321667
99,172.7273
68,116.2531667
78,128.6445
193,192.6158333
168,169.0412
127,160.2196
101,202.9983333
93,138.2192333
174,189.7333333
61,153.7862333
156,190.4220667
79,135.6580333
132,145.3921667
97,194.0321
205,147.4916333
30,127.3695333
75,89.33966667
45,119.1209333
36,162.5214333
190,173.0123667
198,187.1378333
152,123.2155
104,137.0935
193,179.5061667
219,198.5128
153,187.1714
193,161.3026333
173,166.9048667
131,188.2085
144,137.2438
202,213.2081
129,187.2553
214,183.2656333
177,184.0352667
197,194.373
253,195.6238667
136,167.8309667
154,164.7511
180,151.0944
265,247.4834
166,146.3356333
185,163.6921667
117,128.6502333
248,169.3657667
145,162.8249333
97,177.5117
221,184.5731
218,209.9344667
150,114.2701
136,162.5677
155,162.1904
93,146.1543667
221,134.0516
151,219.4144667
165,153.6006667
194,212.9068667
174,133.498
134,136.5596667
176,149.7703
200,177.2802667
143,159.1734
162,163.4634667
129,166.5267
106,168.3161333
104,123.905
124,170.6489667
139,153.2525333
246,229.2998333
165,162.0055
227,167.2445667
172,171.7165
159,134.3514667
176,145.5042
186,165.7009667
126,179.2311667
71,167.4979
203,211.4868333
163,128.2679667
214,204.3362
179,194.0743333
183,171.9130333
208,201.1615
196,184.8033333
159,170.2002333
167,174.7686
179,152.6634333
197,156.2594
212,249.9595667
188,206.4336
148,171.3008
212,198.4976667
160,148.9931
169,154.9031333
193,191.6055
204,181.8045667
199,199.1345667
15,92.70263333
190,188.3887333
202,200.3591667
185,189.9065
222,176.5677667
156,171.4892667
221,236.6428667
190,175.7867667
226,219.3926
174,157.3102667
157,150.8693333
159,141.6001667
197,140.4828
199,210.4490667
237,175.4087333
138,130.3733667
149,164.6000333
246,237.8785
185,168.7379
145,140.7789
126,182.2798333
178,167.1707
220,201.3922
164,172.9831
272,186.9992333
90,158.2767
127,120.4327333
181,163.0176667
151,157.3345667
144,168.2593
153,164.2868
181,173.2804667
21,65.18346667
170,228.0166
170,183.491
178,140.2204667
100,145.0858667
139,198.7966333
156,195.6095333
170,174.7046333
131,132.6461667
28,178.4386
123,183.5546
163,196.1323333
23,109.0516333
198,124.6061667
122,170.74
199,166.1313667
173,164.1583
130,146.9859333
12,140.5122
109,134.6972667
128,116.2528
131,110.8159667
171,95.99166667
153,196.9921667
111,149.9769333
233,217.2276667
188,131.9906333
176,131.2481667
135,76.69526667
102,135.107
204,110.2027
286,168.1088333
184,133.9527
185,177.0119
65,104.0792333
162,132.9656
155,100.7406333
185,172.5785
128,125.4705
135,155.6417
178,163.305
129,166.1262333
165,66.94903333
179,110.4770333
213,209.6973667
160,166.4207333
127,89.134
164,176.4549667
87,105.2263
222,199.2257
153,86.8692
197,131.6723667
64,87.6393
149,80.92156667
195,222.6091333
133,125.2269333
213,166.8996333
165,189.3762333
163,152.3264
142,153.6296667
129,170.3338
210,188.3852333
212,244.7297667
188,218.6444667
210,219.5929333
263,206.2526333
256,235.9593667
15,114.0019
243,161.4226
148,102.7495
138,140.7046
194,176.6195333
186,52.95413333
112,94.76576667
241,274.3966667
215,261.6173
71,140.7647
76,147.9911
86,92.93463333
141,101.6661667
218,182.9353
121,119.5939333
204,168.1334
335,259.0562333
150,145.9210333
221,225.5457
177,150.7732333
124,158.6331333
154,157.3246667
158,150.8731333
109,136.1457333
35,82.90883333
177,167.6829
236,196.0585667
151,169.0269
179,177.6299667
188,139.4292667
220,214.7591333
176,203.5555333
190,121.7115667
138,168.5744667
191,102.4667667
86,117.5816667
244,155.6148667
244,154.9651
314,196.5314667
141,200.5681
153,168.5300333
232,143.3315667
242,145.3543667
171,165.5591333
245,157.4505
124,135.4136
153,128.5368333
244,126.0527
193,198.1968333
194,174.4382333
261,168.5922667
157,122.9626333
239,194.3274667
227,182.5263333
160,114.2848
132,187.8536
201,262.5890333
315,227.6976
16,64.56406667
145,130.1563667
260,217.3654667
106,104.3654667
195,183.1433
177,183.4147667
151,153.9668667
187,104.2472
166,194.6903
152,137.3060667
172,144.2620667
150,144.4476667
150,154.8526333
151,108.5884667
149,139.7168333
223,176.9102667
171,154.6160667
262,128.7795
54,133.5496
174,150.3926333
228,132.224
129,176.8381
137,91.37136667
121,156.2077667
127,77.96273333
127,95.2422
105,132.9378667
102,120.2498667
178,121.2326
120,170.9174333
170,118.6204667
105,98.4162
66,60.7442
94,71.1026
103,94.0203
165,149.8049333
186,140.3014667
205,114.7229667
77,101.4323
129,153.793
115,110.3088667
134,136.4214667
85,79.95476667
34,52.17683333
143,161.6832333
156,88.61446667
129,115.4989667
164,192.8143333
167,153.4400333
249,119.8733667
183,154.7800333
142,139.3087667
66,161.4803
213,148.2896667
231,92.08206667
142,129.2687
170,87.85673333
153,147.2147333
128,87.40043333
156,116.6072667
127,137.2405667
130,164.0120667
133,131.548
153,176.1406333
141,145.2099333
98,129.6842333
167,126.2313333
169,128.5201667
75,80.53706667
159,105.9367333
145,131.0244667
171,88.5701
211,114.7062333
128,121.8931
128,155.1723667
128,133.6090333
214,186.7345
119,138.7059667
156,150.0477333
116,109.1789333
227,165.5125
153,222.5385667
168,141.5856
129,162.3643
205,208.3598333
226,240.2633667
202,138.5730333
166,109.0856
146,159.3878333
180,166.9177
271,178.3438
127,129.1373
209,173.6788333
145,163.9679333
195,177.1863667
172,132.2917
228,226.8678333
105,156.7448667
174,196.9555333
172,131.2767667
236,211.4322667
182,126.3413667
150,142.7541667
274,186.5355333
146,158.1831
127,147.1667333
132,132.2817333
112,133.1159667
83,119.9361333
88,125.9291667
97,106.5582667
191,177.1632
159,154.2384333
177,134.5799
132,130.2046333
119,93.11763333
170,135.6766
169,170.0949667
140,169.378
153,139.9773
218,107.8937667
97,110.1063333
181,177.1832
172,96.17866667
232,186.7220667
47,87.54313333
195,179.7335667
215,149.5043333
164,116.2896333
270,194.1437
196,179.0158333
158,127.9921
188,225.306
161,174.6333
185,149.2553667
262,260.1634667
128,135.4164
129,143.3330333
94,139.4021
192,189.1881
141,128.6247667
209,193.1176667
101,144.7411667
137,138.9151
180,94.17876667
136,112.4167333
59,85.64763333
201,189.9333
155,119.8322333
175,103.5685667
252,258.5165667
114,96.3173
199,219.5901333
160,165.2462333
175,118.8267333
125,149.8596333
153,238.8610667
215,145.3105667
106,157.1678
47,92.84176667
161,215.9602333
204,263.2596333
197,160.6812667
159,175.1345333
217,229.3694667
197,210.1739667
158,155.0484667
177,215.9327
152,174.9601
204,189.7439333
133,155.7794333
146,186.0637333
192,193.7034667
104,133.0568333
100,116.4441667
160,180.1964333
42,82.10603333
175,168.1294
85,142.4802
107,91.0151
38,101.0875333
149,146.6550667
138,188.1273667
186,189.6148333
105,156.3230667
148,172.2436667
215,167.4395333
204,170.0710333
152,175.0923333
158,188.0786667
40,202.9048667
183,196.5131667
164,193.4707333
155,200.7630667
132,148.8191667
75,106.7819
128,148.2761333
183,168.9155
194,150.5226
137,141.6901
259,263.1799667
181,184.7596667
168,163.5414333
186,204.6984
99,200.5386
166,152.4132333
147,200.3111667
92,144.4412
144,151.8090667
23,65.04686667
215,98.65523333
107,130.1562
161,152.0653333
240,239.7859667
50,69.0625
110,118.4418333
151,209.9707
167,205.1731333
60,58.32896667
130,151.8077333
129,158.6606667
191,183.5794
205,173.7276333
134,138.8619333
106,133.3739
61,99.52953333
118,126.9056333
145,161.424
42,103.9175333
126,169.3113333
141,119.3254333
76,88.18316667
210,199.2741667
173,211.7272
181,169.3175
129,150.7226667
148,165.6202
146,161.8222333
144,152.1031333
117,105.7147333
169,164.5744333
207,188.2271333
216,212.889
162,186.1243333
137,160.7550667
205,137.3501667
173,185.9481333
105,101.9655
162,123.7982333
31,124.0071667
187,207.3684
186,184.4205667
149,202.1830333
183,158.1990333
127,138.9274
137,146.9921
211,183.0283
148,144.4414333
213,183.9777667
116,181.3018333
141,124.044
192,156.2661333
166,180.6621
161,172.7965
177,118.7440333
49,142.7945667
13,156.3728667
172,208.248
201,216.3127
120,154.8962333
106,169.0092667
151,152.8856333
87,157.8511
105,150.9281667
130,182.3110667
121,157.1004667
128,88.67356667
134,181.4459
130,145.3087
147,167.1791333
49,70.82063333
147,201.3136333
185,140.7121667
39,129.3393333
176,236.5622
111,87.00396667
139,133.025
124,85.44283333
75,150.1371333
103,158.6375333
59,103.5594333
164,168.6917333
29,102.7617667
238,204.5143
212,124.3541667
179,132.8163333
160,165.3117333
155,151.0987667
143,166.7770333
85,100.6882667
167,145.4833333
183,180.3018333
149,164.9764333
156,171.0312333
177,186.6049667
168,159.71
169,169.3015667
163,183.5642
176,150.9001
127,131.3101
129,120.2899333
213,176.7127
213,167.5730333
248,195.1888
160,158.8135
155,178.5727667
89,145.1537
93,70.2299
109,116.4979
142,171.3959667
172,100.3231667
181,180.6335333
158,167.2471
250,111.5755667
190,191.8273333
206,174.1523
73,96.50803333
200,236.0766
110,92.65583333
215,187.3554
131,142.6258
159,176.8837667
125,119.2258667
102,130.2058667
128,140.2808333
159,137.9497667
188,177.6052
82,131.1185
81,141.1810667
204,183.3773
186,106.9294667
123,142.9661667
52,95.83883333
133,169.1237
70,130.0609333
178,156.0904333
131,155.9816
152,139.7114667
126,171.6010333
172,148.2344333
111,75.4061
147,170.7887333
177,141.9238333
134,158.0875667
128,127.8799
176,162.4564667
122,125.3286
171,152.6485333
149,159.0546
148,137.3401667
122,167.7023
141,183.7838667
135,191.6883
91,108.7950333
88,136.8541333
68,137.5116667
36,81.3249
61,127.2900333
86,136.3823
69,114.1706
72,97.7707
62,101.6998333
73,97.7154
47,100.6405333
95,130.2706
143,159.0390333
150,150.1362333
178,167.4288333
155,137.136
121,110.2236333
130,107.0553
95,106.7113667
106,136.5840667
86,102.8367333
106,101.6373
38,89.96876667
159,181.7733333
200,143.0949667
158,167.8428333
107,101.0621333
196,126.5263
65,126.2733
152,176.4076
131,164.6831
116,151.7064333
138,169.7333
148,162.0037333
64,143.25
177,204.3256
180,234.1087667
168,162.1286
231,216.3058
192,208.1311667
157,164.7137
166,188.4288667
163,188.6818
105,172.8406333
